37,0,k5bWI38qDIf0Vl8zREAxdMuL0c4=,wDyO5QLRcZ0XqFODQfSl6iIzAUE=
38,3,k5bWI38qDIf0Vl8zREAxdMuL0c4=,wDyO5QLRcZ0XqFODQfSl6iIzAUE=
40,3,k5bWI38qDIf0Vl8zREAxdMuL0c4=,wDyO5QLRcZ0XqFODQfSl6iIzAUE=
39,3,k5bWI38qDIf0Vl8zREAxdMuL0c4=,wDyO5QLRcZ0XqFODQfSl6iIzAUE=
41,3,k5bWI38qDIf0Vl8zREAxdMuL0c4=,wDyO5QLRcZ0XqFODQfSl6iIzAUE=
38,2,k5bWI38qDIf0Vl8zREAxdMuL0c4=,wDyO5QLRcZ0XqFODQfSl6iIzAUE=
42,3,k5bWI38qDIf0Vl8zREAxdMuL0c4=,wDyO5QLRcZ0XqFODQfSl6iIzAUE=
43,3,k5bWI38qDIf0Vl8zREAxdMuL0c4=,wDyO5QLRcZ0XqFODQfSl6iIzAUE=
37,3,k5bWI38qDIf0Vl8zREAxdMuL0c4=,wDyO5QLRcZ0XqFODQfSl6iIzAUE=
44,3,k5bWI38qDIf0Vl8zREAxdMuL0c4=,wDyO5QLRcZ0XqFODQfSl6iIzAUE=
45,3,k5bWI38qDIf0Vl8zREAxdMuL0c4=,wDyO5QLRcZ0XqFODQfSl6iIzAUE=
37,2,k5bWI38qDIf0Vl8zREAxdMuL0c4=,wDyO5QLRcZ0XqFODQfSl6iIzAUE=
46,3,k5bWI38qDIf0Vl8zREAxdMuL0c4=,wDyO5QLRcZ0XqFODQfSl6iIzAUE=
38,1,k5bWI38qDIf0Vl8zREAxdMuL0c4=,wDyO5QLRcZ0XqFODQfSl6iIzAUE=
47,3,k5bWI38qDIf0Vl8zREAxdMuL0c4=,wDyO5QLRcZ0XqFODQfSl6iIzAUE=
35,0,k5bWI38qDIf0Vl8zREAxdMuL0c4=,wDyO5QLRcZ0XqFODQfSl6iIzAUE=
36,3,k5bWI38qDIf0Vl8zREAxdMuL0c4=,wDyO5QLRcZ0XqFODQfSl6iIzAUE=
39,2,k5bWI38qDIf0Vl8zREAxdMuL0c4=,wDyO5QLRcZ0XqFODQfSl6iIzAUE=
38,0,k5bWI38qDIf0Vl8zREAxdMuL0c4=,wDyO5QLRcZ0XqFODQfSl6iIzAUE=
37,1,k5bWI38qDIf0Vl8zREAxdMuL0c4=,wDyO5QLRcZ0XqFODQfSl6iIzAUE=
47,15,k5bWI38qDIf0Vl8zREAxdMuL0c4=,wDyO5QLRcZ0XqFODQfSl6iIzAUE=
36,1,k5bWI38qDIf0Vl8zREAxdMuL0c4=,wDyO5QLRcZ0XqFODQfSl6iIzAUE=
36,2,k5bWI38qDIf0Vl8zREAxdMuL0c4=,wDyO5QLRcZ0XqFODQfSl6iIzAUE=
46,15,k5bWI38qDIf0Vl8zREAxdMuL0c4=,wDyO5QLRcZ0XqFODQfSl6iIzAUE=
45,15,k5bWI38qDIf0Vl8zREAxdMuL0c4=,wDyO5QLRcZ0XqFODQfSl6iIzAUE=
44,15,k5bWI38qDIf0Vl8zREAxdMuL0c4=,wDyO5QLRcZ0XqFODQfSl6iIzAUE=
43,15,k5bWI38qDIf0Vl8zREAxdMuL0c4=,wDyO5QLRcZ0XqFODQfSl6iIzAUE=
42,15,k5bWI38qDIf0Vl8zREAxdMuL0c4=,wDyO5QLRcZ0XqFODQfSl6iIzAUE=
40,15,k5bWI38qDIf0Vl8zREAxdMuL0c4=,wDyO5QLRcZ0XqFODQfSl6iIzAUE=
39,15,k5bWI38qDIf0Vl8zREAxdMuL0c4=,wDyO5QLRcZ0XqFODQfSl6iIzAUE=
41,15,k5bWI38qDIf0Vl8zREAxdMuL0c4=,wDyO5QLRcZ0XqFODQfSl6iIzAUE=
38,15,k5bWI38qDIf0Vl8zREAxdMuL0c4=,wDyO5QLRcZ0XqFODQfSl6iIzAUE=
37,15,k5bWI38qDIf0Vl8zREAxdMuL0c4=,wDyO5QLRcZ0XqFODQfSl6iIzAUE=
36,15,k5bWI38qDIf0Vl8zREAxdMuL0c4=,wDyO5QLRcZ0XqFODQfSl6iIzAUE=
35,15,k5bWI38qDIf0Vl8zREAxdMuL0c4=,wDyO5QLRcZ0XqFODQfSl6iIzAUE=
34,15,k5bWI38qDIf0Vl8zREAxdMuL0c4=,wDyO5QLRcZ0XqFODQfSl6iIzAUE=
33,15,k5bWI38qDIf0Vl8zREAxdMuL0c4=,wDyO5QLRcZ0XqFODQfSl6iIzAUE=
36,0,k5bWI38qDIf0Vl8zREAxdMuL0c4=,wDyO5QLRcZ0XqFODQfSl6iIzAUE=
35,1,k5bWI38qDIf0Vl8zREAxdMuL0c4=,wDyO5QLRcZ0XqFODQfSl6iIzAUE=
46,14,k5bWI38qDIf0Vl8zREAxdMuL0c4=,wDyO5QLRcZ0XqFODQfSl6iIzAUE=
32,15,k5bWI38qDIf0Vl8zREAxdMuL0c4=,wDyO5QLRcZ0XqFODQfSl6iIzAUE=
47,14,k5bWI38qDIf0Vl8zREAxdMuL0c4=,wDyO5QLRcZ0XqFODQfSl6iIzAUE=
45,14,k5bWI38qDIf0Vl8zREAxdMuL0c4=,wDyO5QLRcZ0XqFODQfSl6iIzAUE=
43,14,k5bWI38qDIf0Vl8zREAxdMuL0c4=,wDyO5QLRcZ0XqFODQfSl6iIzAUE=
44,14,k5bWI38qDIf0Vl8zREAxdMuL0c4=,wDyO5QLRcZ0XqFODQfSl6iIzAUE=
42,14,k5bWI38qDIf0Vl8zREAxdMuL0c4=,wDyO5QLRcZ0XqFODQfSl6iIzAUE=
41,14,k5bWI38qDIf0Vl8zREAxdMuL0c4=,wDyO5QLRcZ0XqFODQfSl6iIzAUE=
40,14,k5bWI38qDIf0Vl8zREAxdMuL0c4=,wDyO5QLRcZ0XqFODQfSl6iIzAUE=
39,14,k5bWI38qDIf0Vl8zREAxdMuL0c4=,wDyO5QLRcZ0XqFODQfSl6iIzAUE=
38,14,k5bWI38qDIf0Vl8zREAxdMuL0c4=,wDyO5QLRcZ0XqFODQfSl6iIzAUE=
36,14,k5bWI38qDIf0Vl8zREAxdMuL0c4=,wDyO5QLRcZ0XqFODQfSl6iIzAUE=
37,14,k5bWI38qDIf0Vl8zREAxdMuL0c4=,wDyO5QLRcZ0XqFODQfSl6iIzAUE=
35,14,k5bWI38qDIf0Vl8zREAxdMuL0c4=,wDyO5QLRcZ0XqFODQfSl6iIzAUE=
34,14,k5bWI38qDIf0Vl8zREAxdMuL0c4=,wDyO5QLRcZ0XqFODQfSl6iIzAUE=
32,14,k5bWI38qDIf0Vl8zREAxdMuL0c4=,wDyO5QLRcZ0XqFODQfSl6iIzAUE=
47,13,k5bWI38qDIf0Vl8zREAxdMuL0c4=,wDyO5QLRcZ0XqFODQfSl6iIzAUE=
33,14,k5bWI38qDIf0Vl8zREAxdMuL0c4=,wDyO5QLRcZ0XqFODQfSl6iIzAUE=
45,13,k5bWI38qDIf0Vl8zREAxdMuL0c4=,wDyO5QLRcZ0XqFODQfSl6iIzAUE=
44,13,k5bWI38qDIf0Vl8zREAxdMuL0c4=,wDyO5QLRcZ0XqFODQfSl6iIzAUE=
43,13,k5bWI38qDIf0Vl8zREAxdMuL0c4=,wDyO5QLRcZ0XqFODQfSl6iIzAUE=
46,13,k5bWI38qDIf0Vl8zREAxdMuL0c4=,wDyO5QLRcZ0XqFODQfSl6iIzAUE=
41,13,k5bWI38qDIf0Vl8zREAxdMuL0c4=,wDyO5QLRcZ0XqFODQfSl6iIzAUE=
42,13,k5bWI38qDIf0Vl8zREAxdMuL0c4=,wDyO5QLRcZ0XqFODQfSl6iIzAUE=
40,13,k5bWI38qDIf0Vl8zREAxdMuL0c4=,wDyO5QLRcZ0XqFODQfSl6iIzAUE=
39,13,k5bWI38qDIf0Vl8zREAxdMuL0c4=,wDyO5QLRcZ0XqFODQfSl6iIzAUE=
38,13,k5bWI38qDIf0Vl8zREAxdMuL0c4=,wDyO5QLRcZ0XqFODQfSl6iIzAUE=
37,13,k5bWI38qDIf0Vl8zREAxdMuL0c4=,wDyO5QLRcZ0XqFODQfSl6iIzAUE=
36,13,k5bWI38qDIf0Vl8zREAxdMuL0c4=,wDyO5QLRcZ0XqFODQfSl6iIzAUE=
35,13,k5bWI38qDIf0Vl8zREAxdMuL0c4=,wDyO5QLRcZ0XqFODQfSl6iIzAUE=
33,13,k5bWI38qDIf0Vl8zREAxdMuL0c4=,wDyO5QLRcZ0XqFODQfSl6iIzAUE=
34,13,k5bWI38qDIf0Vl8zREAxdMuL0c4=,wDyO5QLRcZ0XqFODQfSl6iIzAUE=
32,13,k5bWI38qDIf0Vl8zREAxdMuL0c4=,wDyO5QLRcZ0XqFODQfSl6iIzAUE=
47,12,k5bWI38qDIf0Vl8zREAxdMuL0c4=,wDyO5QLRcZ0XqFODQfSl6iIzAUE=
46,12,k5bWI38qDIf0Vl8zREAxdMuL0c4=,wDyO5QLRcZ0XqFODQfSl6iIzAUE=
45,12,k5bWI38qDIf0Vl8zREAxdMuL0c4=,wDyO5QLRcZ0XqFODQfSl6iIzAUE=
44,12,k5bWI38qDIf0Vl8zREAxdMuL0c4=,wDyO5QLRcZ0XqFODQfSl6iIzAUE=
43,12,k5bWI38qDIf0Vl8zREAxdMuL0c4=,wDyO5QLRcZ0XqFODQfSl6iIzAUE=
42,12,k5bWI38qDIf0Vl8zREAxdMuL0c4=,wDyO5QLRcZ0XqFODQfSl6iIzAUE=
41,12,k5bWI38qDIf0Vl8zREAxdMuL0c4=,wDyO5QLRcZ0XqFODQfSl6iIzAUE=
40,12,k5bWI38qDIf0Vl8zREAxdMuL0c4=,wDyO5QLRcZ0XqFODQfSl6iIzAUE=
39,12,k5bWI38qDIf0Vl8zREAxdMuL0c4=,wDyO5QLRcZ0XqFODQfSl6iIzAUE=
38,12,k5bWI38qDIf0Vl8zREAxdMuL0c4=,wDyO5QLRcZ0XqFODQfSl6iIzAUE=
37,12,k5bWI38qDIf0Vl8zREAxdMuL0c4=,wDyO5QLRcZ0XqFODQfSl6iIzAUE=
36,12,k5bWI38qDIf0Vl8zREAxdMuL0c4=,wDyO5QLRcZ0XqFODQfSl6iIzAUE=
35,12,k5bWI38qDIf0Vl8zREAxdMuL0c4=,wDyO5QLRcZ0XqFODQfSl6iIzAUE=
34,12,k5bWI38qDIf0Vl8zREAxdMuL0c4=,wDyO5QLRcZ0XqFODQfSl6iIzAUE=
33,12,k5bWI38qDIf0Vl8zREAxdMuL0c4=,wDyO5QLRcZ0XqFODQfSl6iIzAUE=
32,0,k5bWI38qDIf0Vl8zREAxdMuL0c4=,wDyO5QLRcZ0XqFODQfSl6iIzAUE=
32,1,k5bWI38qDIf0Vl8zREAxdMuL0c4=,wDyO5QLRcZ0XqFODQfSl6iIzAUE=
47,0,k5bWI38qDIf0Vl8zREAxdMuL0c4=,wDyO5QLRcZ0XqFODQfSl6iIzAUE=
32,12,k5bWI38qDIf0Vl8zREAxdMuL0c4=,wDyO5QLRcZ0XqFODQfSl6iIzAUE=
34,4,k5bWI38qDIf0Vl8zREAxdMuL0c4=,wDyO5QLRcZ0XqFODQfSl6iIzAUE=
33,3,k5bWI38qDIf0Vl8zREAxdMuL0c4=,wDyO5QLRcZ0XqFODQfSl6iIzAUE=
46,0,k5bWI38qDIf0Vl8zREAxdMuL0c4=,wDyO5QLRcZ0XqFODQfSl6iIzAUE=
47,11,k5bWI38qDIf0Vl8zREAxdMuL0c4=,wDyO5QLRcZ0XqFODQfSl6iIzAUE=
47,1,k5bWI38qDIf0Vl8zREAxdMuL0c4=,wDyO5QLRcZ0XqFODQfSl6iIzAUE=
46,1,k5bWI38qDIf0Vl8zREAxdMuL0c4=,wDyO5QLRcZ0XqFODQfSl6iIzAUE=
46,11,k5bWI38qDIf0Vl8zREAxdMuL0c4=,wDyO5QLRcZ0XqFODQfSl6iIzAUE=
45,11,k5bWI38qDIf0Vl8zREAxdMuL0c4=,wDyO5QLRcZ0XqFODQfSl6iIzAUE=
44,11,k5bWI38qDIf0Vl8zREAxdMuL0c4=,wDyO5QLRcZ0XqFODQfSl6iIzAUE=
43,11,k5bWI38qDIf0Vl8zREAxdMuL0c4=,wDyO5QLRcZ0XqFODQfSl6iIzAUE=
42,11,k5bWI38qDIf0Vl8zREAxdMuL0c4=,wDyO5QLRcZ0XqFODQfSl6iIzAUE=
47,2,k5bWI38qDIf0Vl8zREAxdMuL0c4=,wDyO5QLRcZ0XqFODQfSl6iIzAUE=
41,11,k5bWI38qDIf0Vl8zREAxdMuL0c4=,wDyO5QLRcZ0XqFODQfSl6iIzAUE=
39,11,k5bWI38qDIf0Vl8zREAxdMuL0c4=,wDyO5QLRcZ0XqFODQfSl6iIzAUE=
38,11,k5bWI38qDIf0Vl8zREAxdMuL0c4=,wDyO5QLRcZ0XqFODQfSl6iIzAUE=
37,11,k5bWI38qDIf0Vl8zREAxdMuL0c4=,wDyO5QLRcZ0XqFODQfSl6iIzAUE=
40,11,k5bWI38qDIf0Vl8zREAxdMuL0c4=,wDyO5QLRcZ0XqFODQfSl6iIzAUE=
36,11,k5bWI38qDIf0Vl8zREAxdMuL0c4=,wDyO5QLRcZ0XqFODQfSl6iIzAUE=
35,11,k5bWI38qDIf0Vl8zREAxdMuL0c4=,wDyO5QLRcZ0XqFODQfSl6iIzAUE=
34,11,k5bWI38qDIf0Vl8zREAxdMuL0c4=,wDyO5QLRcZ0XqFODQfSl6iIzAUE=
33,11,k5bWI38qDIf0Vl8zREAxdMuL0c4=,wDyO5QLRcZ0XqFODQfSl6iIzAUE=
34,3,k5bWI38qDIf0Vl8zREAxdMuL0c4=,wDyO5QLRcZ0XqFODQfSl6iIzAUE=
47,10,k5bWI38qDIf0Vl8zREAxdMuL0c4=,wDyO5QLRcZ0XqFODQfSl6iIzAUE=
45,0,k5bWI38qDIf0Vl8zREAxdMuL0c4=,wDyO5QLRcZ0XqFODQfSl6iIzAUE=
45,1,k5bWI38qDIf0Vl8zREAxdMuL0c4=,wDyO5QLRcZ0XqFODQfSl6iIzAUE=
46,2,k5bWI38qDIf0Vl8zREAxdMuL0c4=,wDyO5QLRcZ0XqFODQfSl6iIzAUE=
46,10,k5bWI38qDIf0Vl8zREAxdMuL0c4=,wDyO5QLRcZ0XqFODQfSl6iIzAUE=
45,10,k5bWI38qDIf0Vl8zREAxdMuL0c4=,wDyO5QLRcZ0XqFODQfSl6iIzAUE=
44,10,k5bWI38qDIf0Vl8zREAxdMuL0c4=,wDyO5QLRcZ0XqFODQfSl6iIzAUE=
43,10,k5bWI38qDIf0Vl8zREAxdMuL0c4=,wDyO5QLRcZ0XqFODQfSl6iIzAUE=
41,10,k5bWI38qDIf0Vl8zREAxdMuL0c4=,wDyO5QLRcZ0XqFODQfSl6iIzAUE=
42,10,k5bWI38qDIf0Vl8zREAxdMuL0c4=,wDyO5QLRcZ0XqFODQfSl6iIzAUE=
40,10,k5bWI38qDIf0Vl8zREAxdMuL0c4=,wDyO5QLRcZ0XqFODQfSl6iIzAUE=
39,10,k5bWI38qDIf0Vl8zREAxdMuL0c4=,wDyO5QLRcZ0XqFODQfSl6iIzAUE=
38,10,k5bWI38qDIf0Vl8zREAxdMuL0c4=,wDyO5QLRcZ0XqFODQfSl6iIzAUE=
37,10,k5bWI38qDIf0Vl8zREAxdMuL0c4=,wDyO5QLRcZ0XqFODQfSl6iIzAUE=
35,10,k5bWI38qDIf0Vl8zREAxdMuL0c4=,wDyO5QLRcZ0XqFODQfSl6iIzAUE=
36,10,k5bWI38qDIf0Vl8zREAxdMuL0c4=,wDyO5QLRcZ0XqFODQfSl6iIzAUE=
33,10,k5bWI38qDIf0Vl8zREAxdMuL0c4=,wDyO5QLRcZ0XqFODQfSl6iIzAUE=
34,10,k5bWI38qDIf0Vl8zREAxdMuL0c4=,wDyO5QLRcZ0XqFODQfSl6iIzAUE=
35,3,k5bWI38qDIf0Vl8zREAxdMuL0c4=,wDyO5QLRcZ0XqFODQfSl6iIzAUE=
44,0,k5bWI38qDIf0Vl8zREAxdMuL0c4=,wDyO5QLRcZ0XqFODQfSl6iIzAUE=
45,2,k5bWI38qDIf0Vl8zREAxdMuL0c4=,wDyO5QLRcZ0XqFODQfSl6iIzAUE=
47,9,k5bWI38qDIf0Vl8zREAxdMuL0c4=,wDyO5QLRcZ0XqFODQfSl6iIzAUE=
44,1,k5bWI38qDIf0Vl8zREAxdMuL0c4=,wDyO5QLRcZ0XqFODQfSl6iIzAUE=
46,9,k5bWI38qDIf0Vl8zREAxdMuL0c4=,wDyO5QLRcZ0XqFODQfSl6iIzAUE=
45,9,k5bWI38qDIf0Vl8zREAxdMuL0c4=,wDyO5QLRcZ0XqFODQfSl6iIzAUE=
43,9,k5bWI38qDIf0Vl8zREAxdMuL0c4=,wDyO5QLRcZ0XqFODQfSl6iIzAUE=
44,9,k5bWI38qDIf0Vl8zREAxdMuL0c4=,wDyO5QLRcZ0XqFODQfSl6iIzAUE=
42,9,k5bWI38qDIf0Vl8zREAxdMuL0c4=,wDyO5QLRcZ0XqFODQfSl6iIzAUE=
41,9,k5bWI38qDIf0Vl8zREAxdMuL0c4=,wDyO5QLRcZ0XqFODQfSl6iIzAUE=
40,9,k5bWI38qDIf0Vl8zREAxdMuL0c4=,wDyO5QLRcZ0XqFODQfSl6iIzAUE=
38,9,k5bWI38qDIf0Vl8zREAxdMuL0c4=,wDyO5QLRcZ0XqFODQfSl6iIzAUE=
39,9,k5bWI38qDIf0Vl8zREAxdMuL0c4=,wDyO5QLRcZ0XqFODQfSl6iIzAUE=
37,9,k5bWI38qDIf0Vl8zREAxdMuL0c4=,wDyO5QLRcZ0XqFODQfSl6iIzAUE=
36,9,k5bWI38qDIf0Vl8zREAxdMuL0c4=,wDyO5QLRcZ0XqFODQfSl6iIzAUE=
35,2,k5bWI38qDIf0Vl8zREAxdMuL0c4=,wDyO5QLRcZ0XqFODQfSl6iIzAUE=
33,1,k5bWI38qDIf0Vl8zREAxdMuL0c4=,wDyO5QLRcZ0XqFODQfSl6iIzAUE=
32,2,k5bWI38qDIf0Vl8zREAxdMuL0c4=,wDyO5QLRcZ0XqFODQfSl6iIzAUE=
34,0,k5bWI38qDIf0Vl8zREAxdMuL0c4=,wDyO5QLRcZ0XqFODQfSl6iIzAUE=
43,0,k5bWI38qDIf0Vl8zREAxdMuL0c4=,wDyO5QLRcZ0XqFODQfSl6iIzAUE=
47,8,k5bWI38qDIf0Vl8zREAxdMuL0c4=,wDyO5QLRcZ0XqFODQfSl6iIzAUE=
43,1,k5bWI38qDIf0Vl8zREAxdMuL0c4=,wDyO5QLRcZ0XqFODQfSl6iIzAUE=
44,2,k5bWI38qDIf0Vl8zREAxdMuL0c4=,wDyO5QLRcZ0XqFODQfSl6iIzAUE=
46,8,k5bWI38qDIf0Vl8zREAxdMuL0c4=,wDyO5QLRcZ0XqFODQfSl6iIzAUE=
45,8,k5bWI38qDIf0Vl8zREAxdMuL0c4=,wDyO5QLRcZ0XqFODQfSl6iIzAUE=
44,8,k5bWI38qDIf0Vl8zREAxdMuL0c4=,wDyO5QLRcZ0XqFODQfSl6iIzAUE=
43,8,k5bWI38qDIf0Vl8zREAxdMuL0c4=,wDyO5QLRcZ0XqFODQfSl6iIzAUE=
41,8,k5bWI38qDIf0Vl8zREAxdMuL0c4=,wDyO5QLRcZ0XqFODQfSl6iIzAUE=
40,8,k5bWI38qDIf0Vl8zREAxdMuL0c4=,wDyO5QLRcZ0XqFODQfSl6iIzAUE=
42,8,k5bWI38qDIf0Vl8zREAxdMuL0c4=,wDyO5QLRcZ0XqFODQfSl6iIzAUE=
39,8,k5bWI38qDIf0Vl8zREAxdMuL0c4=,wDyO5QLRcZ0XqFODQfSl6iIzAUE=
38,8,k5bWI38qDIf0Vl8zREAxdMuL0c4=,wDyO5QLRcZ0XqFODQfSl6iIzAUE=
32,4,k5bWI38qDIf0Vl8zREAxdMuL0c4=,wDyO5QLRcZ0XqFODQfSl6iIzAUE=
33,2,k5bWI38qDIf0Vl8zREAxdMuL0c4=,wDyO5QLRcZ0XqFODQfSl6iIzAUE=
34,1,k5bWI38qDIf0Vl8zREAxdMuL0c4=,wDyO5QLRcZ0XqFODQfSl6iIzAUE=
37,8,k5bWI38qDIf0Vl8zREAxdMuL0c4=,wDyO5QLRcZ0XqFODQfSl6iIzAUE=
42,0,k5bWI38qDIf0Vl8zREAxdMuL0c4=,wDyO5QLRcZ0XqFODQfSl6iIzAUE=
35,9,k5bWI38qDIf0Vl8zREAxdMuL0c4=,wDyO5QLRcZ0XqFODQfSl6iIzAUE=
32,10,k5bWI38qDIf0Vl8zREAxdMuL0c4=,wDyO5QLRcZ0XqFODQfSl6iIzAUE=
47,7,k5bWI38qDIf0Vl8zREAxdMuL0c4=,wDyO5QLRcZ0XqFODQfSl6iIzAUE=
43,2,k5bWI38qDIf0Vl8zREAxdMuL0c4=,wDyO5QLRcZ0XqFODQfSl6iIzAUE=
46,7,k5bWI38qDIf0Vl8zREAxdMuL0c4=,wDyO5QLRcZ0XqFODQfSl6iIzAUE=
44,7,k5bWI38qDIf0Vl8zREAxdMuL0c4=,wDyO5QLRcZ0XqFODQfSl6iIzAUE=
43,7,k5bWI38qDIf0Vl8zREAxdMuL0c4=,wDyO5QLRcZ0XqFODQfSl6iIzAUE=
45,7,k5bWI38qDIf0Vl8zREAxdMuL0c4=,wDyO5QLRcZ0XqFODQfSl6iIzAUE=
40,7,k5bWI38qDIf0Vl8zREAxdMuL0c4=,wDyO5QLRcZ0XqFODQfSl6iIzAUE=
41,7,k5bWI38qDIf0Vl8zREAxdMuL0c4=,wDyO5QLRcZ0XqFODQfSl6iIzAUE=
33,0,k5bWI38qDIf0Vl8zREAxdMuL0c4=,wDyO5QLRcZ0XqFODQfSl6iIzAUE=
42,7,k5bWI38qDIf0Vl8zREAxdMuL0c4=,wDyO5QLRcZ0XqFODQfSl6iIzAUE=
42,1,k5bWI38qDIf0Vl8zREAxdMuL0c4=,wDyO5QLRcZ0XqFODQfSl6iIzAUE=
39,7,k5bWI38qDIf0Vl8zREAxdMuL0c4=,wDyO5QLRcZ0XqFODQfSl6iIzAUE=
37,7,k5bWI38qDIf0Vl8zREAxdMuL0c4=,wDyO5QLRcZ0XqFODQfSl6iIzAUE=
38,7,k5bWI38qDIf0Vl8zREAxdMuL0c4=,wDyO5QLRcZ0XqFODQfSl6iIzAUE=
36,4,k5bWI38qDIf0Vl8zREAxdMuL0c4=,wDyO5QLRcZ0XqFODQfSl6iIzAUE=
35,4,k5bWI38qDIf0Vl8zREAxdMuL0c4=,wDyO5QLRcZ0XqFODQfSl6iIzAUE=
33,4,k5bWI38qDIf0Vl8zREAxdMuL0c4=,wDyO5QLRcZ0XqFODQfSl6iIzAUE=
37,4,k5bWI38qDIf0Vl8zREAxdMuL0c4=,wDyO5QLRcZ0XqFODQfSl6iIzAUE=
39,4,k5bWI38qDIf0Vl8zREAxdMuL0c4=,wDyO5QLRcZ0XqFODQfSl6iIzAUE=
40,4,k5bWI38qDIf0Vl8zREAxdMuL0c4=,wDyO5QLRcZ0XqFODQfSl6iIzAUE=
38,4,k5bWI38qDIf0Vl8zREAxdMuL0c4=,wDyO5QLRcZ0XqFODQfSl6iIzAUE=
41,4,k5bWI38qDIf0Vl8zREAxdMuL0c4=,wDyO5QLRcZ0XqFODQfSl6iIzAUE=
42,4,k5bWI38qDIf0Vl8zREAxdMuL0c4=,wDyO5QLRcZ0XqFODQfSl6iIzAUE=
45,4,k5bWI38qDIf0Vl8zREAxdMuL0c4=,wDyO5QLRcZ0XqFODQfSl6iIzAUE=
43,4,k5bWI38qDIf0Vl8zREAxdMuL0c4=,wDyO5QLRcZ0XqFODQfSl6iIzAUE=
46,4,k5bWI38qDIf0Vl8zREAxdMuL0c4=,wDyO5QLRcZ0XqFODQfSl6iIzAUE=
44,4,k5bWI38qDIf0Vl8zREAxdMuL0c4=,wDyO5QLRcZ0XqFODQfSl6iIzAUE=
39,1,k5bWI38qDIf0Vl8zREAxdMuL0c4=,wDyO5QLRcZ0XqFODQfSl6iIzAUE=
47,4,k5bWI38qDIf0Vl8zREAxdMuL0c4=,wDyO5QLRcZ0XqFODQfSl6iIzAUE=
39,0,k5bWI38qDIf0Vl8zREAxdMuL0c4=,wDyO5QLRcZ0XqFODQfSl6iIzAUE=
40,2,k5bWI38qDIf0Vl8zREAxdMuL0c4=,wDyO5QLRcZ0XqFODQfSl6iIzAUE=
32,3,k5bWI38qDIf0Vl8zREAxdMuL0c4=,wDyO5QLRcZ0XqFODQfSl6iIzAUE=
34,2,k5bWI38qDIf0Vl8zREAxdMuL0c4=,wDyO5QLRcZ0XqFODQfSl6iIzAUE=
34,9,k5bWI38qDIf0Vl8zREAxdMuL0c4=,wDyO5QLRcZ0XqFODQfSl6iIzAUE=
42,2,k5bWI38qDIf0Vl8zREAxdMuL0c4=,wDyO5QLRcZ0XqFODQfSl6iIzAUE=
41,0,k5bWI38qDIf0Vl8zREAxdMuL0c4=,wDyO5QLRcZ0XqFODQfSl6iIzAUE=
41,1,k5bWI38qDIf0Vl8zREAxdMuL0c4=,wDyO5QLRcZ0XqFODQfSl6iIzAUE=
47,6,k5bWI38qDIf0Vl8zREAxdMuL0c4=,wDyO5QLRcZ0XqFODQfSl6iIzAUE=
46,6,k5bWI38qDIf0Vl8zREAxdMuL0c4=,wDyO5QLRcZ0XqFODQfSl6iIzAUE=
44,6,k5bWI38qDIf0Vl8zREAxdMuL0c4=,wDyO5QLRcZ0XqFODQfSl6iIzAUE=
45,6,k5bWI38qDIf0Vl8zREAxdMuL0c4=,wDyO5QLRcZ0XqFODQfSl6iIzAUE=
43,6,k5bWI38qDIf0Vl8zREAxdMuL0c4=,wDyO5QLRcZ0XqFODQfSl6iIzAUE=
41,6,k5bWI38qDIf0Vl8zREAxdMuL0c4=,wDyO5QLRcZ0XqFODQfSl6iIzAUE=
39,6,k5bWI38qDIf0Vl8zREAxdMuL0c4=,wDyO5QLRcZ0XqFODQfSl6iIzAUE=
42,6,k5bWI38qDIf0Vl8zREAxdMuL0c4=,wDyO5QLRcZ0XqFODQfSl6iIzAUE=
37,6,k5bWI38qDIf0Vl8zREAxdMuL0c4=,wDyO5QLRcZ0XqFODQfSl6iIzAUE=
38,6,k5bWI38qDIf0Vl8zREAxdMuL0c4=,wDyO5QLRcZ0XqFODQfSl6iIzAUE=
40,6,k5bWI38qDIf0Vl8zREAxdMuL0c4=,wDyO5QLRcZ0XqFODQfSl6iIzAUE=
32,5,k5bWI38qDIf0Vl8zREAxdMuL0c4=,wDyO5QLRcZ0XqFODQfSl6iIzAUE=
36,7,k5bWI38qDIf0Vl8zREAxdMuL0c4=,wDyO5QLRcZ0XqFODQfSl6iIzAUE=
32,11,k5bWI38qDIf0Vl8zREAxdMuL0c4=,wDyO5QLRcZ0XqFODQfSl6iIzAUE=
32,9,k5bWI38qDIf0Vl8zREAxdMuL0c4=,wDyO5QLRcZ0XqFODQfSl6iIzAUE=
36,6,k5bWI38qDIf0Vl8zREAxdMuL0c4=,wDyO5QLRcZ0XqFODQfSl6iIzAUE=
35,8,k5bWI38qDIf0Vl8zREAxdMuL0c4=,wDyO5QLRcZ0XqFODQfSl6iIzAUE=
40,0,k5bWI38qDIf0Vl8zREAxdMuL0c4=,wDyO5QLRcZ0XqFODQfSl6iIzAUE=
41,2,k5bWI38qDIf0Vl8zREAxdMuL0c4=,wDyO5QLRcZ0XqFODQfSl6iIzAUE=
40,1,k5bWI38qDIf0Vl8zREAxdMuL0c4=,wDyO5QLRcZ0XqFODQfSl6iIzAUE=
47,5,k5bWI38qDIf0Vl8zREAxdMuL0c4=,wDyO5QLRcZ0XqFODQfSl6iIzAUE=
45,5,k5bWI38qDIf0Vl8zREAxdMuL0c4=,wDyO5QLRcZ0XqFODQfSl6iIzAUE=
46,5,k5bWI38qDIf0Vl8zREAxdMuL0c4=,wDyO5QLRcZ0XqFODQfSl6iIzAUE=
44,5,k5bWI38qDIf0Vl8zREAxdMuL0c4=,wDyO5QLRcZ0XqFODQfSl6iIzAUE=
42,5,k5bWI38qDIf0Vl8zREAxdMuL0c4=,wDyO5QLRcZ0XqFODQfSl6iIzAUE=
43,5,k5bWI38qDIf0Vl8zREAxdMuL0c4=,wDyO5QLRcZ0XqFODQfSl6iIzAUE=
40,5,k5bWI38qDIf0Vl8zREAxdMuL0c4=,wDyO5QLRcZ0XqFODQfSl6iIzAUE=
41,5,k5bWI38qDIf0Vl8zREAxdMuL0c4=,wDyO5QLRcZ0XqFODQfSl6iIzAUE=
38,5,k5bWI38qDIf0Vl8zREAxdMuL0c4=,wDyO5QLRcZ0XqFODQfSl6iIzAUE=
39,5,k5bWI38qDIf0Vl8zREAxdMuL0c4=,wDyO5QLRcZ0XqFODQfSl6iIzAUE=
37,5,k5bWI38qDIf0Vl8zREAxdMuL0c4=,wDyO5QLRcZ0XqFODQfSl6iIzAUE=
33,8,k5bWI38qDIf0Vl8zREAxdMuL0c4=,wDyO5QLRcZ0XqFODQfSl6iIzAUE=
33,9,k5bWI38qDIf0Vl8zREAxdMuL0c4=,wDyO5QLRcZ0XqFODQfSl6iIzAUE=
34,8,k5bWI38qDIf0Vl8zREAxdMuL0c4=,wDyO5QLRcZ0XqFODQfSl6iIzAUE=
32,8,k5bWI38qDIf0Vl8zREAxdMuL0c4=,wDyO5QLRcZ0XqFODQfSl6iIzAUE=
33,7,k5bWI38qDIf0Vl8zREAxdMuL0c4=,wDyO5QLRcZ0XqFODQfSl6iIzAUE=
36,8,k5bWI38qDIf0Vl8zREAxdMuL0c4=,wDyO5QLRcZ0XqFODQfSl6iIzAUE=
32,7,k5bWI38qDIf0Vl8zREAxdMuL0c4=,wDyO5QLRcZ0XqFODQfSl6iIzAUE=
35,7,k5bWI38qDIf0Vl8zREAxdMuL0c4=,wDyO5QLRcZ0XqFODQfSl6iIzAUE=
34,7,k5bWI38qDIf0Vl8zREAxdMuL0c4=,wDyO5QLRcZ0XqFODQfSl6iIzAUE=
36,5,k5bWI38qDIf0Vl8zREAxdMuL0c4=,wDyO5QLRcZ0XqFODQfSl6iIzAUE=
33,5,k5bWI38qDIf0Vl8zREAxdMuL0c4=,wDyO5QLRcZ0XqFODQfSl6iIzAUE=
35,6,k5bWI38qDIf0Vl8zREAxdMuL0c4=,wDyO5QLRcZ0XqFODQfSl6iIzAUE=
33,6,k5bWI38qDIf0Vl8zREAxdMuL0c4=,wDyO5QLRcZ0XqFODQfSl6iIzAUE=
34,6,k5bWI38qDIf0Vl8zREAxdMuL0c4=,wDyO5QLRcZ0XqFODQfSl6iIzAUE=
34,5,k5bWI38qDIf0Vl8zREAxdMuL0c4=,wDyO5QLRcZ0XqFODQfSl6iIzAUE=
35,5,k5bWI38qDIf0Vl8zREAxdMuL0c4=,wDyO5QLRcZ0XqFODQfSl6iIzAUE=
32,6,k5bWI38qDIf0Vl8zREAxdMuL0c4=,wDyO5QLRcZ0XqFODQfSl6iIzAUE=
