-4,5,Pwl8fW2ko5VwyG+I3oH6KcxfNyk=,o1uTumNCjtHEFOkpA9Szi05qApo=
-5,7,Pwl8fW2ko5VwyG+I3oH6KcxfNyk=,o1uTumNCjtHEFOkpA9Szi05qApo=
-5,6,Pwl8fW2ko5VwyG+I3oH6KcxfNyk=,o1uTumNCjtHEFOkpA9Szi05qApo=
-6,7,Pwl8fW2ko5VwyG+I3oH6KcxfNyk=,o1uTumNCjtHEFOkpA9Szi05qApo=
-5,5,Pwl8fW2ko5VwyG+I3oH6KcxfNyk=,o1uTumNCjtHEFOkpA9Szi05qApo=
-6,5,Pwl8fW2ko5VwyG+I3oH6KcxfNyk=,o1uTumNCjtHEFOkpA9Szi05qApo=
-7,5,Pwl8fW2ko5VwyG+I3oH6KcxfNyk=,o1uTumNCjtHEFOkpA9Szi05qApo=
-8,5,Pwl8fW2ko5VwyG+I3oH6KcxfNyk=,o1uTumNCjtHEFOkpA9Szi05qApo=
-7,7,Pwl8fW2ko5VwyG+I3oH6KcxfNyk=,o1uTumNCjtHEFOkpA9Szi05qApo=
-3,4,Pwl8fW2ko5VwyG+I3oH6KcxfNyk=,o1uTumNCjtHEFOkpA9Szi05qApo=
-2,4,Pwl8fW2ko5VwyG+I3oH6KcxfNyk=,o1uTumNCjtHEFOkpA9Szi05qApo=
-4,2,Pwl8fW2ko5VwyG+I3oH6KcxfNyk=,o1uTumNCjtHEFOkpA9Szi05qApo=
-4,1,Pwl8fW2ko5VwyG+I3oH6KcxfNyk=,o1uTumNCjtHEFOkpA9Szi05qApo=
-7,4,Pwl8fW2ko5VwyG+I3oH6KcxfNyk=,o1uTumNCjtHEFOkpA9Szi05qApo=
-8,7,Pwl8fW2ko5VwyG+I3oH6KcxfNyk=,o1uTumNCjtHEFOkpA9Szi05qApo=
-8,4,Pwl8fW2ko5VwyG+I3oH6KcxfNyk=,o1uTumNCjtHEFOkpA9Szi05qApo=
-5,1,Pwl8fW2ko5VwyG+I3oH6KcxfNyk=,o1uTumNCjtHEFOkpA9Szi05qApo=
-1,6,Pwl8fW2ko5VwyG+I3oH6KcxfNyk=,o1uTumNCjtHEFOkpA9Szi05qApo=
-4,3,Pwl8fW2ko5VwyG+I3oH6KcxfNyk=,o1uTumNCjtHEFOkpA9Szi05qApo=
-3,3,Pwl8fW2ko5VwyG+I3oH6KcxfNyk=,o1uTumNCjtHEFOkpA9Szi05qApo=
-6,6,Pwl8fW2ko5VwyG+I3oH6KcxfNyk=,o1uTumNCjtHEFOkpA9Szi05qApo=
-5,2,Pwl8fW2ko5VwyG+I3oH6KcxfNyk=,o1uTumNCjtHEFOkpA9Szi05qApo=
-7,6,Pwl8fW2ko5VwyG+I3oH6KcxfNyk=,o1uTumNCjtHEFOkpA9Szi05qApo=
-8,6,Pwl8fW2ko5VwyG+I3oH6KcxfNyk=,o1uTumNCjtHEFOkpA9Szi05qApo=
-6,1,Pwl8fW2ko5VwyG+I3oH6KcxfNyk=,o1uTumNCjtHEFOkpA9Szi05qApo=
-6,2,Pwl8fW2ko5VwyG+I3oH6KcxfNyk=,o1uTumNCjtHEFOkpA9Szi05qApo=
-4,4,Pwl8fW2ko5VwyG+I3oH6KcxfNyk=,o1uTumNCjtHEFOkpA9Szi05qApo=
-7,1,Pwl8fW2ko5VwyG+I3oH6KcxfNyk=,o1uTumNCjtHEFOkpA9Szi05qApo=
-8,1,Pwl8fW2ko5VwyG+I3oH6KcxfNyk=,o1uTumNCjtHEFOkpA9Szi05qApo=
-7,2,Pwl8fW2ko5VwyG+I3oH6KcxfNyk=,o1uTumNCjtHEFOkpA9Szi05qApo=
-5,4,Pwl8fW2ko5VwyG+I3oH6KcxfNyk=,o1uTumNCjtHEFOkpA9Szi05qApo=
-2,6,Pwl8fW2ko5VwyG+I3oH6KcxfNyk=,o1uTumNCjtHEFOkpA9Szi05qApo=
-6,3,Pwl8fW2ko5VwyG+I3oH6KcxfNyk=,o1uTumNCjtHEFOkpA9Szi05qApo=
-5,3,Pwl8fW2ko5VwyG+I3oH6KcxfNyk=,o1uTumNCjtHEFOkpA9Szi05qApo=
-3,6,Pwl8fW2ko5VwyG+I3oH6KcxfNyk=,o1uTumNCjtHEFOkpA9Szi05qApo=
-8,2,Pwl8fW2ko5VwyG+I3oH6KcxfNyk=,o1uTumNCjtHEFOkpA9Szi05qApo=
-7,3,Pwl8fW2ko5VwyG+I3oH6KcxfNyk=,o1uTumNCjtHEFOkpA9Szi05qApo=
-1,7,Pwl8fW2ko5VwyG+I3oH6KcxfNyk=,o1uTumNCjtHEFOkpA9Szi05qApo=
-2,7,Pwl8fW2ko5VwyG+I3oH6KcxfNyk=,o1uTumNCjtHEFOkpA9Szi05qApo=
-3,7,Pwl8fW2ko5VwyG+I3oH6KcxfNyk=,o1uTumNCjtHEFOkpA9Szi05qApo=
-1,5,Pwl8fW2ko5VwyG+I3oH6KcxfNyk=,o1uTumNCjtHEFOkpA9Szi05qApo=
-2,5,Pwl8fW2ko5VwyG+I3oH6KcxfNyk=,o1uTumNCjtHEFOkpA9Szi05qApo=
-8,3,Pwl8fW2ko5VwyG+I3oH6KcxfNyk=,o1uTumNCjtHEFOkpA9Szi05qApo=
-6,4,Pwl8fW2ko5VwyG+I3oH6KcxfNyk=,o1uTumNCjtHEFOkpA9Szi05qApo=
-4,6,Pwl8fW2ko5VwyG+I3oH6KcxfNyk=,o1uTumNCjtHEFOkpA9Szi05qApo=
-4,7,Pwl8fW2ko5VwyG+I3oH6KcxfNyk=,o1uTumNCjtHEFOkpA9Szi05qApo=
-3,5,Pwl8fW2ko5VwyG+I3oH6KcxfNyk=,o1uTumNCjtHEFOkpA9Szi05qApo=
-1,4,Pwl8fW2ko5VwyG+I3oH6KcxfNyk=,o1uTumNCjtHEFOkpA9Szi05qApo=
-6,0,Pwl8fW2ko5VwyG+I3oH6KcxfNyk=,o1uTumNCjtHEFOkpA9Szi05qApo=
-8,0,Pwl8fW2ko5VwyG+I3oH6KcxfNyk=,o1uTumNCjtHEFOkpA9Szi05qApo=
-7,0,Pwl8fW2ko5VwyG+I3oH6KcxfNyk=,o1uTumNCjtHEFOkpA9Szi05qApo=
-5,0,Pwl8fW2ko5VwyG+I3oH6KcxfNyk=,o1uTumNCjtHEFOkpA9Szi05qApo=
-3,2,Pwl8fW2ko5VwyG+I3oH6KcxfNyk=,o1uTumNCjtHEFOkpA9Szi05qApo=
-4,0,Pwl8fW2ko5VwyG+I3oH6KcxfNyk=,o1uTumNCjtHEFOkpA9Szi05qApo=
-3,0,Pwl8fW2ko5VwyG+I3oH6KcxfNyk=,o1uTumNCjtHEFOkpA9Szi05qApo=
-2,3,Pwl8fW2ko5VwyG+I3oH6KcxfNyk=,o1uTumNCjtHEFOkpA9Szi05qApo=
-3,1,Pwl8fW2ko5VwyG+I3oH6KcxfNyk=,o1uTumNCjtHEFOkpA9Szi05qApo=
-2,2,Pwl8fW2ko5VwyG+I3oH6KcxfNyk=,o1uTumNCjtHEFOkpA9Szi05qApo=
-1,3,Pwl8fW2ko5VwyG+I3oH6KcxfNyk=,o1uTumNCjtHEFOkpA9Szi05qApo=
-1,2,Pwl8fW2ko5VwyG+I3oH6KcxfNyk=,o1uTumNCjtHEFOkpA9Szi05qApo=
-1,0,Pwl8fW2ko5VwyG+I3oH6KcxfNyk=,o1uTumNCjtHEFOkpA9Szi05qApo=
-2,0,Pwl8fW2ko5VwyG+I3oH6KcxfNyk=,o1uTumNCjtHEFOkpA9Szi05qApo=
-1,1,Pwl8fW2ko5VwyG+I3oH6KcxfNyk=,o1uTumNCjtHEFOkpA9Szi05qApo=
-2,1,Pwl8fW2ko5VwyG+I3oH6KcxfNyk=,o1uTumNCjtHEFOkpA9Szi05qApo=
-8,9,ubNBES2wQl6I0U861Tt/SRb+cys=,JLQu+EYEakZQWOWcEgdc6uhZMJg=
-1,12,5sglpbj8e7UIInaY3TboBEBalHE=,JLQu+EYEakZQWOWcEgdc6uhZMJg=
-1,11,ubNBES2wQl6I0U861Tt/SRb+cys=,JLQu+EYEakZQWOWcEgdc6uhZMJg=
-2,11,ubNBES2wQl6I0U861Tt/SRb+cys=,JLQu+EYEakZQWOWcEgdc6uhZMJg=
-2,12,5sglpbj8e7UIInaY3TboBEBalHE=,JLQu+EYEakZQWOWcEgdc6uhZMJg=
-3,12,5sglpbj8e7UIInaY3TboBEBalHE=,JLQu+EYEakZQWOWcEgdc6uhZMJg=
-4,12,5sglpbj8e7UIInaY3TboBEBalHE=,JLQu+EYEakZQWOWcEgdc6uhZMJg=
-1,10,ubNBES2wQl6I0U861Tt/SRb+cys=,JLQu+EYEakZQWOWcEgdc6uhZMJg=
-2,10,ubNBES2wQl6I0U861Tt/SRb+cys=,JLQu+EYEakZQWOWcEgdc6uhZMJg=
-5,12,5sglpbj8e7UIInaY3TboBEBalHE=,JLQu+EYEakZQWOWcEgdc6uhZMJg=
-1,9,ubNBES2wQl6I0U861Tt/SRb+cys=,JLQu+EYEakZQWOWcEgdc6uhZMJg=
-2,9,ubNBES2wQl6I0U861Tt/SRb+cys=,JLQu+EYEakZQWOWcEgdc6uhZMJg=
-3,11,ubNBES2wQl6I0U861Tt/SRb+cys=,JLQu+EYEakZQWOWcEgdc6uhZMJg=
-4,11,5sglpbj8e7UIInaY3TboBEBalHE=,JLQu+EYEakZQWOWcEgdc6uhZMJg=
-5,11,5sglpbj8e7UIInaY3TboBEBalHE=,JLQu+EYEakZQWOWcEgdc6uhZMJg=
-6,11,ubNBES2wQl6I0U861Tt/SRb+cys=,JLQu+EYEakZQWOWcEgdc6uhZMJg=
-7,11,5sglpbj8e7UIInaY3TboBEBalHE=,JLQu+EYEakZQWOWcEgdc6uhZMJg=
-8,11,5sglpbj8e7UIInaY3TboBEBalHE=,JLQu+EYEakZQWOWcEgdc6uhZMJg=
-6,12,5sglpbj8e7UIInaY3TboBEBalHE=,JLQu+EYEakZQWOWcEgdc6uhZMJg=
-3,9,ubNBES2wQl6I0U861Tt/SRb+cys=,JLQu+EYEakZQWOWcEgdc6uhZMJg=
-7,12,5sglpbj8e7UIInaY3TboBEBalHE=,JLQu+EYEakZQWOWcEgdc6uhZMJg=
-3,10,ubNBES2wQl6I0U861Tt/SRb+cys=,JLQu+EYEakZQWOWcEgdc6uhZMJg=
-1,14,5sglpbj8e7UIInaY3TboBEBalHE=,JLQu+EYEakZQWOWcEgdc6uhZMJg=
-2,14,5sglpbj8e7UIInaY3TboBEBalHE=,JLQu+EYEakZQWOWcEgdc6uhZMJg=
-3,14,5sglpbj8e7UIInaY3TboBEBalHE=,JLQu+EYEakZQWOWcEgdc6uhZMJg=
-4,14,5sglpbj8e7UIInaY3TboBEBalHE=,JLQu+EYEakZQWOWcEgdc6uhZMJg=
-4,10,ubNBES2wQl6I0U861Tt/SRb+cys=,JLQu+EYEakZQWOWcEgdc6uhZMJg=
-8,12,5sglpbj8e7UIInaY3TboBEBalHE=,JLQu+EYEakZQWOWcEgdc6uhZMJg=
-5,14,5sglpbj8e7UIInaY3TboBEBalHE=,JLQu+EYEakZQWOWcEgdc6uhZMJg=
-6,14,5sglpbj8e7UIInaY3TboBEBalHE=,JLQu+EYEakZQWOWcEgdc6uhZMJg=
-7,14,5sglpbj8e7UIInaY3TboBEBalHE=,JLQu+EYEakZQWOWcEgdc6uhZMJg=
-8,14,5sglpbj8e7UIInaY3TboBEBalHE=,JLQu+EYEakZQWOWcEgdc6uhZMJg=
-1,13,5sglpbj8e7UIInaY3TboBEBalHE=,JLQu+EYEakZQWOWcEgdc6uhZMJg=
-5,10,5sglpbj8e7UIInaY3TboBEBalHE=,JLQu+EYEakZQWOWcEgdc6uhZMJg=
-2,13,5sglpbj8e7UIInaY3TboBEBalHE=,JLQu+EYEakZQWOWcEgdc6uhZMJg=
-4,9,ubNBES2wQl6I0U861Tt/SRb+cys=,JLQu+EYEakZQWOWcEgdc6uhZMJg=
-6,10,ubNBES2wQl6I0U861Tt/SRb+cys=,JLQu+EYEakZQWOWcEgdc6uhZMJg=
-3,13,5sglpbj8e7UIInaY3TboBEBalHE=,JLQu+EYEakZQWOWcEgdc6uhZMJg=
-4,13,5sglpbj8e7UIInaY3TboBEBalHE=,JLQu+EYEakZQWOWcEgdc6uhZMJg=
-5,13,5sglpbj8e7UIInaY3TboBEBalHE=,JLQu+EYEakZQWOWcEgdc6uhZMJg=
-5,9,ubNBES2wQl6I0U861Tt/SRb+cys=,JLQu+EYEakZQWOWcEgdc6uhZMJg=
-6,13,5sglpbj8e7UIInaY3TboBEBalHE=,JLQu+EYEakZQWOWcEgdc6uhZMJg=
-6,9,ubNBES2wQl6I0U861Tt/SRb+cys=,JLQu+EYEakZQWOWcEgdc6uhZMJg=
-7,10,ubNBES2wQl6I0U861Tt/SRb+cys=,JLQu+EYEakZQWOWcEgdc6uhZMJg=
-7,13,5sglpbj8e7UIInaY3TboBEBalHE=,JLQu+EYEakZQWOWcEgdc6uhZMJg=
-7,9,ubNBES2wQl6I0U861Tt/SRb+cys=,JLQu+EYEakZQWOWcEgdc6uhZMJg=
-8,10,ubNBES2wQl6I0U861Tt/SRb+cys=,JLQu+EYEakZQWOWcEgdc6uhZMJg=
-8,13,5sglpbj8e7UIInaY3TboBEBalHE=,JLQu+EYEakZQWOWcEgdc6uhZMJg=
-7,15,5sglpbj8e7UIInaY3TboBEBalHE=,JLQu+EYEakZQWOWcEgdc6uhZMJg=
-6,15,5sglpbj8e7UIInaY3TboBEBalHE=,JLQu+EYEakZQWOWcEgdc6uhZMJg=
-5,15,5sglpbj8e7UIInaY3TboBEBalHE=,JLQu+EYEakZQWOWcEgdc6uhZMJg=
-4,15,5sglpbj8e7UIInaY3TboBEBalHE=,JLQu+EYEakZQWOWcEgdc6uhZMJg=
-2,15,5sglpbj8e7UIInaY3TboBEBalHE=,JLQu+EYEakZQWOWcEgdc6uhZMJg=
-3,15,5sglpbj8e7UIInaY3TboBEBalHE=,JLQu+EYEakZQWOWcEgdc6uhZMJg=
-1,15,5sglpbj8e7UIInaY3TboBEBalHE=,JLQu+EYEakZQWOWcEgdc6uhZMJg=
-8,15,5sglpbj8e7UIInaY3TboBEBalHE=,JLQu+EYEakZQWOWcEgdc6uhZMJg=
-5,8,ubNBES2wQl6I0U861Tt/SRb+cys=,JLQu+EYEakZQWOWcEgdc6uhZMJg=
-7,8,ubNBES2wQl6I0U861Tt/SRb+cys=,JLQu+EYEakZQWOWcEgdc6uhZMJg=
-4,8,ubNBES2wQl6I0U861Tt/SRb+cys=,JLQu+EYEakZQWOWcEgdc6uhZMJg=
-8,8,ubNBES2wQl6I0U861Tt/SRb+cys=,JLQu+EYEakZQWOWcEgdc6uhZMJg=
-6,8,ubNBES2wQl6I0U861Tt/SRb+cys=,JLQu+EYEakZQWOWcEgdc6uhZMJg=
-2,8,ubNBES2wQl6I0U861Tt/SRb+cys=,JLQu+EYEakZQWOWcEgdc6uhZMJg=
-1,8,ubNBES2wQl6I0U861Tt/SRb+cys=,JLQu+EYEakZQWOWcEgdc6uhZMJg=
-3,8,ubNBES2wQl6I0U861Tt/SRb+cys=,JLQu+EYEakZQWOWcEgdc6uhZMJg=
-10,6,Pwl8fW2ko5VwyG+I3oH6KcxfNyk=,fTcy2/Zr/cJbWZWmTxUqvp6LhnU=
-10,1,Pwl8fW2ko5VwyG+I3oH6KcxfNyk=,fTcy2/Zr/cJbWZWmTxUqvp6LhnU=
-11,1,Pwl8fW2ko5VwyG+I3oH6KcxfNyk=,fTcy2/Zr/cJbWZWmTxUqvp6LhnU=
-12,1,Pwl8fW2ko5VwyG+I3oH6KcxfNyk=,fTcy2/Zr/cJbWZWmTxUqvp6LhnU=
-13,1,Pwl8fW2ko5VwyG+I3oH6KcxfNyk=,fTcy2/Zr/cJbWZWmTxUqvp6LhnU=
-14,1,Pwl8fW2ko5VwyG+I3oH6KcxfNyk=,fTcy2/Zr/cJbWZWmTxUqvp6LhnU=
-15,1,Pwl8fW2ko5VwyG+I3oH6KcxfNyk=,fTcy2/Zr/cJbWZWmTxUqvp6LhnU=
-12,0,Pwl8fW2ko5VwyG+I3oH6KcxfNyk=,fTcy2/Zr/cJbWZWmTxUqvp6LhnU=
-11,0,Pwl8fW2ko5VwyG+I3oH6KcxfNyk=,fTcy2/Zr/cJbWZWmTxUqvp6LhnU=
-10,0,Pwl8fW2ko5VwyG+I3oH6KcxfNyk=,fTcy2/Zr/cJbWZWmTxUqvp6LhnU=
-13,0,Pwl8fW2ko5VwyG+I3oH6KcxfNyk=,fTcy2/Zr/cJbWZWmTxUqvp6LhnU=
-14,0,Pwl8fW2ko5VwyG+I3oH6KcxfNyk=,fTcy2/Zr/cJbWZWmTxUqvp6LhnU=
-15,2,Pwl8fW2ko5VwyG+I3oH6KcxfNyk=,fTcy2/Zr/cJbWZWmTxUqvp6LhnU=
-15,0,Pwl8fW2ko5VwyG+I3oH6KcxfNyk=,fTcy2/Zr/cJbWZWmTxUqvp6LhnU=
-14,2,Pwl8fW2ko5VwyG+I3oH6KcxfNyk=,fTcy2/Zr/cJbWZWmTxUqvp6LhnU=
-13,2,Pwl8fW2ko5VwyG+I3oH6KcxfNyk=,fTcy2/Zr/cJbWZWmTxUqvp6LhnU=
-12,2,Pwl8fW2ko5VwyG+I3oH6KcxfNyk=,fTcy2/Zr/cJbWZWmTxUqvp6LhnU=
-11,2,Pwl8fW2ko5VwyG+I3oH6KcxfNyk=,fTcy2/Zr/cJbWZWmTxUqvp6LhnU=
-10,2,Pwl8fW2ko5VwyG+I3oH6KcxfNyk=,fTcy2/Zr/cJbWZWmTxUqvp6LhnU=
-15,3,Pwl8fW2ko5VwyG+I3oH6KcxfNyk=,fTcy2/Zr/cJbWZWmTxUqvp6LhnU=
-14,3,Pwl8fW2ko5VwyG+I3oH6KcxfNyk=,fTcy2/Zr/cJbWZWmTxUqvp6LhnU=
-13,3,Pwl8fW2ko5VwyG+I3oH6KcxfNyk=,fTcy2/Zr/cJbWZWmTxUqvp6LhnU=
-12,3,Pwl8fW2ko5VwyG+I3oH6KcxfNyk=,fTcy2/Zr/cJbWZWmTxUqvp6LhnU=
-11,3,Pwl8fW2ko5VwyG+I3oH6KcxfNyk=,fTcy2/Zr/cJbWZWmTxUqvp6LhnU=
-10,3,Pwl8fW2ko5VwyG+I3oH6KcxfNyk=,fTcy2/Zr/cJbWZWmTxUqvp6LhnU=
-15,4,Pwl8fW2ko5VwyG+I3oH6KcxfNyk=,fTcy2/Zr/cJbWZWmTxUqvp6LhnU=
-14,4,Pwl8fW2ko5VwyG+I3oH6KcxfNyk=,fTcy2/Zr/cJbWZWmTxUqvp6LhnU=
-13,4,Pwl8fW2ko5VwyG+I3oH6KcxfNyk=,fTcy2/Zr/cJbWZWmTxUqvp6LhnU=
-12,4,Pwl8fW2ko5VwyG+I3oH6KcxfNyk=,fTcy2/Zr/cJbWZWmTxUqvp6LhnU=
-11,4,Pwl8fW2ko5VwyG+I3oH6KcxfNyk=,fTcy2/Zr/cJbWZWmTxUqvp6LhnU=
-10,4,Pwl8fW2ko5VwyG+I3oH6KcxfNyk=,fTcy2/Zr/cJbWZWmTxUqvp6LhnU=
-15,5,Pwl8fW2ko5VwyG+I3oH6KcxfNyk=,fTcy2/Zr/cJbWZWmTxUqvp6LhnU=
-13,5,Pwl8fW2ko5VwyG+I3oH6KcxfNyk=,fTcy2/Zr/cJbWZWmTxUqvp6LhnU=
-14,5,Pwl8fW2ko5VwyG+I3oH6KcxfNyk=,fTcy2/Zr/cJbWZWmTxUqvp6LhnU=
-12,5,Pwl8fW2ko5VwyG+I3oH6KcxfNyk=,fTcy2/Zr/cJbWZWmTxUqvp6LhnU=
-11,5,Pwl8fW2ko5VwyG+I3oH6KcxfNyk=,fTcy2/Zr/cJbWZWmTxUqvp6LhnU=
-10,5,Pwl8fW2ko5VwyG+I3oH6KcxfNyk=,fTcy2/Zr/cJbWZWmTxUqvp6LhnU=
-15,6,Pwl8fW2ko5VwyG+I3oH6KcxfNyk=,fTcy2/Zr/cJbWZWmTxUqvp6LhnU=
-14,6,Pwl8fW2ko5VwyG+I3oH6KcxfNyk=,fTcy2/Zr/cJbWZWmTxUqvp6LhnU=
-13,6,Pwl8fW2ko5VwyG+I3oH6KcxfNyk=,fTcy2/Zr/cJbWZWmTxUqvp6LhnU=
-12,6,Pwl8fW2ko5VwyG+I3oH6KcxfNyk=,fTcy2/Zr/cJbWZWmTxUqvp6LhnU=
-11,6,Pwl8fW2ko5VwyG+I3oH6KcxfNyk=,fTcy2/Zr/cJbWZWmTxUqvp6LhnU=
-10,7,Pwl8fW2ko5VwyG+I3oH6KcxfNyk=,fTcy2/Zr/cJbWZWmTxUqvp6LhnU=
-11,7,Pwl8fW2ko5VwyG+I3oH6KcxfNyk=,fTcy2/Zr/cJbWZWmTxUqvp6LhnU=
-12,7,Pwl8fW2ko5VwyG+I3oH6KcxfNyk=,fTcy2/Zr/cJbWZWmTxUqvp6LhnU=
-13,7,Pwl8fW2ko5VwyG+I3oH6KcxfNyk=,fTcy2/Zr/cJbWZWmTxUqvp6LhnU=
-14,7,Pwl8fW2ko5VwyG+I3oH6KcxfNyk=,fTcy2/Zr/cJbWZWmTxUqvp6LhnU=
-15,7,Pwl8fW2ko5VwyG+I3oH6KcxfNyk=,fTcy2/Zr/cJbWZWmTxUqvp6LhnU=
-16,6,Pwl8fW2ko5VwyG+I3oH6KcxfNyk=,fTcy2/Zr/cJbWZWmTxUqvp6LhnU=
-16,5,Pwl8fW2ko5VwyG+I3oH6KcxfNyk=,fTcy2/Zr/cJbWZWmTxUqvp6LhnU=
-16,1,Pwl8fW2ko5VwyG+I3oH6KcxfNyk=,fTcy2/Zr/cJbWZWmTxUqvp6LhnU=
-16,2,Pwl8fW2ko5VwyG+I3oH6KcxfNyk=,fTcy2/Zr/cJbWZWmTxUqvp6LhnU=
-16,3,Pwl8fW2ko5VwyG+I3oH6KcxfNyk=,fTcy2/Zr/cJbWZWmTxUqvp6LhnU=
-16,4,Pwl8fW2ko5VwyG+I3oH6KcxfNyk=,fTcy2/Zr/cJbWZWmTxUqvp6LhnU=
-16,0,Pwl8fW2ko5VwyG+I3oH6KcxfNyk=,fTcy2/Zr/cJbWZWmTxUqvp6LhnU=
-16,7,Pwl8fW2ko5VwyG+I3oH6KcxfNyk=,fTcy2/Zr/cJbWZWmTxUqvp6LhnU=
-9,1,Pwl8fW2ko5VwyG+I3oH6KcxfNyk=,fTcy2/Zr/cJbWZWmTxUqvp6LhnU=
-9,0,Pwl8fW2ko5VwyG+I3oH6KcxfNyk=,fTcy2/Zr/cJbWZWmTxUqvp6LhnU=
-9,7,Pwl8fW2ko5VwyG+I3oH6KcxfNyk=,fTcy2/Zr/cJbWZWmTxUqvp6LhnU=
-9,6,Pwl8fW2ko5VwyG+I3oH6KcxfNyk=,fTcy2/Zr/cJbWZWmTxUqvp6LhnU=
-9,2,Pwl8fW2ko5VwyG+I3oH6KcxfNyk=,fTcy2/Zr/cJbWZWmTxUqvp6LhnU=
-9,3,Pwl8fW2ko5VwyG+I3oH6KcxfNyk=,fTcy2/Zr/cJbWZWmTxUqvp6LhnU=
-9,5,Pwl8fW2ko5VwyG+I3oH6KcxfNyk=,fTcy2/Zr/cJbWZWmTxUqvp6LhnU=
-9,4,Pwl8fW2ko5VwyG+I3oH6KcxfNyk=,fTcy2/Zr/cJbWZWmTxUqvp6LhnU=
-24,3,//u2UqqUXrXg7H8kr7b1YrWuJ4g=,VDuhWWsWfSF63deWIiAY9HNFjy4=
-21,6,//u2UqqUXrXg7H8kr7b1YrWuJ4g=,VDuhWWsWfSF63deWIiAY9HNFjy4=
-21,7,//u2UqqUXrXg7H8kr7b1YrWuJ4g=,VDuhWWsWfSF63deWIiAY9HNFjy4=
-22,6,//u2UqqUXrXg7H8kr7b1YrWuJ4g=,VDuhWWsWfSF63deWIiAY9HNFjy4=
-23,6,//u2UqqUXrXg7H8kr7b1YrWuJ4g=,VDuhWWsWfSF63deWIiAY9HNFjy4=
-22,7,//u2UqqUXrXg7H8kr7b1YrWuJ4g=,VDuhWWsWfSF63deWIiAY9HNFjy4=
-24,6,//u2UqqUXrXg7H8kr7b1YrWuJ4g=,VDuhWWsWfSF63deWIiAY9HNFjy4=
-18,5,//u2UqqUXrXg7H8kr7b1YrWuJ4g=,VDuhWWsWfSF63deWIiAY9HNFjy4=
-19,5,//u2UqqUXrXg7H8kr7b1YrWuJ4g=,VDuhWWsWfSF63deWIiAY9HNFjy4=
-19,0,//u2UqqUXrXg7H8kr7b1YrWuJ4g=,VDuhWWsWfSF63deWIiAY9HNFjy4=
-23,5,//u2UqqUXrXg7H8kr7b1YrWuJ4g=,VDuhWWsWfSF63deWIiAY9HNFjy4=
-24,5,//u2UqqUXrXg7H8kr7b1YrWuJ4g=,VDuhWWsWfSF63deWIiAY9HNFjy4=
-18,4,//u2UqqUXrXg7H8kr7b1YrWuJ4g=,VDuhWWsWfSF63deWIiAY9HNFjy4=
-19,4,//u2UqqUXrXg7H8kr7b1YrWuJ4g=,VDuhWWsWfSF63deWIiAY9HNFjy4=
-23,7,//u2UqqUXrXg7H8kr7b1YrWuJ4g=,VDuhWWsWfSF63deWIiAY9HNFjy4=
-20,4,//u2UqqUXrXg7H8kr7b1YrWuJ4g=,VDuhWWsWfSF63deWIiAY9HNFjy4=
-23,4,//u2UqqUXrXg7H8kr7b1YrWuJ4g=,VDuhWWsWfSF63deWIiAY9HNFjy4=
-19,1,//u2UqqUXrXg7H8kr7b1YrWuJ4g=,VDuhWWsWfSF63deWIiAY9HNFjy4=
-24,7,//u2UqqUXrXg7H8kr7b1YrWuJ4g=,VDuhWWsWfSF63deWIiAY9HNFjy4=
-20,5,//u2UqqUXrXg7H8kr7b1YrWuJ4g=,VDuhWWsWfSF63deWIiAY9HNFjy4=
-20,1,//u2UqqUXrXg7H8kr7b1YrWuJ4g=,VDuhWWsWfSF63deWIiAY9HNFjy4=
-21,0,//u2UqqUXrXg7H8kr7b1YrWuJ4g=,VDuhWWsWfSF63deWIiAY9HNFjy4=
-22,1,//u2UqqUXrXg7H8kr7b1YrWuJ4g=,VDuhWWsWfSF63deWIiAY9HNFjy4=
-18,6,//u2UqqUXrXg7H8kr7b1YrWuJ4g=,VDuhWWsWfSF63deWIiAY9HNFjy4=
-18,2,//u2UqqUXrXg7H8kr7b1YrWuJ4g=,VDuhWWsWfSF63deWIiAY9HNFjy4=
-21,1,//u2UqqUXrXg7H8kr7b1YrWuJ4g=,VDuhWWsWfSF63deWIiAY9HNFjy4=
-21,2,//u2UqqUXrXg7H8kr7b1YrWuJ4g=,VDuhWWsWfSF63deWIiAY9HNFjy4=
-19,2,//u2UqqUXrXg7H8kr7b1YrWuJ4g=,VDuhWWsWfSF63deWIiAY9HNFjy4=
-23,0,//u2UqqUXrXg7H8kr7b1YrWuJ4g=,VDuhWWsWfSF63deWIiAY9HNFjy4=
-20,2,//u2UqqUXrXg7H8kr7b1YrWuJ4g=,VDuhWWsWfSF63deWIiAY9HNFjy4=
-22,2,//u2UqqUXrXg7H8kr7b1YrWuJ4g=,VDuhWWsWfSF63deWIiAY9HNFjy4=
-24,4,//u2UqqUXrXg7H8kr7b1YrWuJ4g=,VDuhWWsWfSF63deWIiAY9HNFjy4=
-18,3,//u2UqqUXrXg7H8kr7b1YrWuJ4g=,VDuhWWsWfSF63deWIiAY9HNFjy4=
-19,3,//u2UqqUXrXg7H8kr7b1YrWuJ4g=,VDuhWWsWfSF63deWIiAY9HNFjy4=
-20,3,//u2UqqUXrXg7H8kr7b1YrWuJ4g=,VDuhWWsWfSF63deWIiAY9HNFjy4=
-22,3,//u2UqqUXrXg7H8kr7b1YrWuJ4g=,VDuhWWsWfSF63deWIiAY9HNFjy4=
-18,7,//u2UqqUXrXg7H8kr7b1YrWuJ4g=,VDuhWWsWfSF63deWIiAY9HNFjy4=
-19,6,//u2UqqUXrXg7H8kr7b1YrWuJ4g=,VDuhWWsWfSF63deWIiAY9HNFjy4=
-21,5,//u2UqqUXrXg7H8kr7b1YrWuJ4g=,VDuhWWsWfSF63deWIiAY9HNFjy4=
-21,3,//u2UqqUXrXg7H8kr7b1YrWuJ4g=,VDuhWWsWfSF63deWIiAY9HNFjy4=
-20,7,//u2UqqUXrXg7H8kr7b1YrWuJ4g=,VDuhWWsWfSF63deWIiAY9HNFjy4=
-19,7,//u2UqqUXrXg7H8kr7b1YrWuJ4g=,VDuhWWsWfSF63deWIiAY9HNFjy4=
-23,1,//u2UqqUXrXg7H8kr7b1YrWuJ4g=,VDuhWWsWfSF63deWIiAY9HNFjy4=
-22,0,//u2UqqUXrXg7H8kr7b1YrWuJ4g=,VDuhWWsWfSF63deWIiAY9HNFjy4=
-23,3,//u2UqqUXrXg7H8kr7b1YrWuJ4g=,VDuhWWsWfSF63deWIiAY9HNFjy4=
-20,6,//u2UqqUXrXg7H8kr7b1YrWuJ4g=,VDuhWWsWfSF63deWIiAY9HNFjy4=
-24,1,//u2UqqUXrXg7H8kr7b1YrWuJ4g=,VDuhWWsWfSF63deWIiAY9HNFjy4=
-20,0,//u2UqqUXrXg7H8kr7b1YrWuJ4g=,VDuhWWsWfSF63deWIiAY9HNFjy4=
-22,4,//u2UqqUXrXg7H8kr7b1YrWuJ4g=,VDuhWWsWfSF63deWIiAY9HNFjy4=
-21,4,//u2UqqUXrXg7H8kr7b1YrWuJ4g=,VDuhWWsWfSF63deWIiAY9HNFjy4=
-24,2,//u2UqqUXrXg7H8kr7b1YrWuJ4g=,VDuhWWsWfSF63deWIiAY9HNFjy4=
-23,2,//u2UqqUXrXg7H8kr7b1YrWuJ4g=,VDuhWWsWfSF63deWIiAY9HNFjy4=
-22,5,//u2UqqUXrXg7H8kr7b1YrWuJ4g=,VDuhWWsWfSF63deWIiAY9HNFjy4=
-24,0,//u2UqqUXrXg7H8kr7b1YrWuJ4g=,VDuhWWsWfSF63deWIiAY9HNFjy4=
-17,7,//u2UqqUXrXg7H8kr7b1YrWuJ4g=,VDuhWWsWfSF63deWIiAY9HNFjy4=
-17,4,//u2UqqUXrXg7H8kr7b1YrWuJ4g=,VDuhWWsWfSF63deWIiAY9HNFjy4=
-17,5,//u2UqqUXrXg7H8kr7b1YrWuJ4g=,VDuhWWsWfSF63deWIiAY9HNFjy4=
-17,2,//u2UqqUXrXg7H8kr7b1YrWuJ4g=,VDuhWWsWfSF63deWIiAY9HNFjy4=
-17,3,//u2UqqUXrXg7H8kr7b1YrWuJ4g=,VDuhWWsWfSF63deWIiAY9HNFjy4=
-18,1,//u2UqqUXrXg7H8kr7b1YrWuJ4g=,VDuhWWsWfSF63deWIiAY9HNFjy4=
-17,0,//u2UqqUXrXg7H8kr7b1YrWuJ4g=,VDuhWWsWfSF63deWIiAY9HNFjy4=
-18,0,//u2UqqUXrXg7H8kr7b1YrWuJ4g=,VDuhWWsWfSF63deWIiAY9HNFjy4=
-17,1,//u2UqqUXrXg7H8kr7b1YrWuJ4g=,VDuhWWsWfSF63deWIiAY9HNFjy4=
-17,6,//u2UqqUXrXg7H8kr7b1YrWuJ4g=,VDuhWWsWfSF63deWIiAY9HNFjy4=
