-10,-34,vtbXfJx5zkJOpg7CWL51wbubvB8=,eE8Xfc1dyOH6ugPcITtsiMQ/xGA=
-11,-34,vtbXfJx5zkJOpg7CWL51wbubvB8=,eE8Xfc1dyOH6ugPcITtsiMQ/xGA=
-12,-34,vtbXfJx5zkJOpg7CWL51wbubvB8=,eE8Xfc1dyOH6ugPcITtsiMQ/xGA=
-13,-34,vtbXfJx5zkJOpg7CWL51wbubvB8=,eE8Xfc1dyOH6ugPcITtsiMQ/xGA=
-14,-34,vtbXfJx5zkJOpg7CWL51wbubvB8=,eE8Xfc1dyOH6ugPcITtsiMQ/xGA=
-15,-34,vtbXfJx5zkJOpg7CWL51wbubvB8=,eE8Xfc1dyOH6ugPcITtsiMQ/xGA=
-15,-39,vtbXfJx5zkJOpg7CWL51wbubvB8=,eE8Xfc1dyOH6ugPcITtsiMQ/xGA=
-14,-39,vtbXfJx5zkJOpg7CWL51wbubvB8=,eE8Xfc1dyOH6ugPcITtsiMQ/xGA=
-13,-39,vtbXfJx5zkJOpg7CWL51wbubvB8=,eE8Xfc1dyOH6ugPcITtsiMQ/xGA=
-12,-39,vtbXfJx5zkJOpg7CWL51wbubvB8=,eE8Xfc1dyOH6ugPcITtsiMQ/xGA=
-11,-39,vtbXfJx5zkJOpg7CWL51wbubvB8=,eE8Xfc1dyOH6ugPcITtsiMQ/xGA=
-10,-39,vtbXfJx5zkJOpg7CWL51wbubvB8=,eE8Xfc1dyOH6ugPcITtsiMQ/xGA=
-15,-38,vtbXfJx5zkJOpg7CWL51wbubvB8=,eE8Xfc1dyOH6ugPcITtsiMQ/xGA=
-14,-38,vtbXfJx5zkJOpg7CWL51wbubvB8=,eE8Xfc1dyOH6ugPcITtsiMQ/xGA=
-13,-38,vtbXfJx5zkJOpg7CWL51wbubvB8=,eE8Xfc1dyOH6ugPcITtsiMQ/xGA=
-12,-38,vtbXfJx5zkJOpg7CWL51wbubvB8=,eE8Xfc1dyOH6ugPcITtsiMQ/xGA=
-11,-38,vtbXfJx5zkJOpg7CWL51wbubvB8=,eE8Xfc1dyOH6ugPcITtsiMQ/xGA=
-10,-38,vtbXfJx5zkJOpg7CWL51wbubvB8=,eE8Xfc1dyOH6ugPcITtsiMQ/xGA=
-15,-37,vtbXfJx5zkJOpg7CWL51wbubvB8=,eE8Xfc1dyOH6ugPcITtsiMQ/xGA=
-14,-37,vtbXfJx5zkJOpg7CWL51wbubvB8=,eE8Xfc1dyOH6ugPcITtsiMQ/xGA=
-13,-37,vtbXfJx5zkJOpg7CWL51wbubvB8=,eE8Xfc1dyOH6ugPcITtsiMQ/xGA=
-12,-37,vtbXfJx5zkJOpg7CWL51wbubvB8=,eE8Xfc1dyOH6ugPcITtsiMQ/xGA=
-11,-37,vtbXfJx5zkJOpg7CWL51wbubvB8=,eE8Xfc1dyOH6ugPcITtsiMQ/xGA=
-10,-37,vtbXfJx5zkJOpg7CWL51wbubvB8=,eE8Xfc1dyOH6ugPcITtsiMQ/xGA=
-15,-36,vtbXfJx5zkJOpg7CWL51wbubvB8=,eE8Xfc1dyOH6ugPcITtsiMQ/xGA=
-14,-36,vtbXfJx5zkJOpg7CWL51wbubvB8=,eE8Xfc1dyOH6ugPcITtsiMQ/xGA=
-13,-36,vtbXfJx5zkJOpg7CWL51wbubvB8=,eE8Xfc1dyOH6ugPcITtsiMQ/xGA=
-12,-36,vtbXfJx5zkJOpg7CWL51wbubvB8=,eE8Xfc1dyOH6ugPcITtsiMQ/xGA=
-11,-36,vtbXfJx5zkJOpg7CWL51wbubvB8=,eE8Xfc1dyOH6ugPcITtsiMQ/xGA=
-10,-36,vtbXfJx5zkJOpg7CWL51wbubvB8=,eE8Xfc1dyOH6ugPcITtsiMQ/xGA=
-15,-35,vtbXfJx5zkJOpg7CWL51wbubvB8=,eE8Xfc1dyOH6ugPcITtsiMQ/xGA=
-14,-35,vtbXfJx5zkJOpg7CWL51wbubvB8=,eE8Xfc1dyOH6ugPcITtsiMQ/xGA=
-13,-35,vtbXfJx5zkJOpg7CWL51wbubvB8=,eE8Xfc1dyOH6ugPcITtsiMQ/xGA=
-12,-35,vtbXfJx5zkJOpg7CWL51wbubvB8=,eE8Xfc1dyOH6ugPcITtsiMQ/xGA=
-11,-35,vtbXfJx5zkJOpg7CWL51wbubvB8=,eE8Xfc1dyOH6ugPcITtsiMQ/xGA=
-10,-35,vtbXfJx5zkJOpg7CWL51wbubvB8=,eE8Xfc1dyOH6ugPcITtsiMQ/xGA=
-4,-42,vtbXfJx5zkJOpg7CWL51wbubvB8=,28Sa+wWcmIjDX9+vCGB8mlLx5uY=
-2,-43,vtbXfJx5zkJOpg7CWL51wbubvB8=,28Sa+wWcmIjDX9+vCGB8mlLx5uY=
-3,-43,vtbXfJx5zkJOpg7CWL51wbubvB8=,28Sa+wWcmIjDX9+vCGB8mlLx5uY=
-4,-43,vtbXfJx5zkJOpg7CWL51wbubvB8=,28Sa+wWcmIjDX9+vCGB8mlLx5uY=
-5,-43,vtbXfJx5zkJOpg7CWL51wbubvB8=,28Sa+wWcmIjDX9+vCGB8mlLx5uY=
-6,-43,vtbXfJx5zkJOpg7CWL51wbubvB8=,28Sa+wWcmIjDX9+vCGB8mlLx5uY=
-2,-44,vtbXfJx5zkJOpg7CWL51wbubvB8=,28Sa+wWcmIjDX9+vCGB8mlLx5uY=
-3,-44,vtbXfJx5zkJOpg7CWL51wbubvB8=,28Sa+wWcmIjDX9+vCGB8mlLx5uY=
-4,-44,vtbXfJx5zkJOpg7CWL51wbubvB8=,28Sa+wWcmIjDX9+vCGB8mlLx5uY=
-5,-44,vtbXfJx5zkJOpg7CWL51wbubvB8=,28Sa+wWcmIjDX9+vCGB8mlLx5uY=
-6,-44,vtbXfJx5zkJOpg7CWL51wbubvB8=,28Sa+wWcmIjDX9+vCGB8mlLx5uY=
-2,-45,vtbXfJx5zkJOpg7CWL51wbubvB8=,28Sa+wWcmIjDX9+vCGB8mlLx5uY=
-3,-45,vtbXfJx5zkJOpg7CWL51wbubvB8=,28Sa+wWcmIjDX9+vCGB8mlLx5uY=
-4,-45,vtbXfJx5zkJOpg7CWL51wbubvB8=,28Sa+wWcmIjDX9+vCGB8mlLx5uY=
-5,-45,vtbXfJx5zkJOpg7CWL51wbubvB8=,28Sa+wWcmIjDX9+vCGB8mlLx5uY=
-6,-45,vtbXfJx5zkJOpg7CWL51wbubvB8=,28Sa+wWcmIjDX9+vCGB8mlLx5uY=
-2,-46,vtbXfJx5zkJOpg7CWL51wbubvB8=,28Sa+wWcmIjDX9+vCGB8mlLx5uY=
-3,-46,vtbXfJx5zkJOpg7CWL51wbubvB8=,28Sa+wWcmIjDX9+vCGB8mlLx5uY=
-4,-46,vtbXfJx5zkJOpg7CWL51wbubvB8=,28Sa+wWcmIjDX9+vCGB8mlLx5uY=
-5,-46,vtbXfJx5zkJOpg7CWL51wbubvB8=,28Sa+wWcmIjDX9+vCGB8mlLx5uY=
-2,-47,vtbXfJx5zkJOpg7CWL51wbubvB8=,28Sa+wWcmIjDX9+vCGB8mlLx5uY=
-6,-46,vtbXfJx5zkJOpg7CWL51wbubvB8=,28Sa+wWcmIjDX9+vCGB8mlLx5uY=
-3,-47,vtbXfJx5zkJOpg7CWL51wbubvB8=,28Sa+wWcmIjDX9+vCGB8mlLx5uY=
-4,-47,vtbXfJx5zkJOpg7CWL51wbubvB8=,28Sa+wWcmIjDX9+vCGB8mlLx5uY=
-5,-47,vtbXfJx5zkJOpg7CWL51wbubvB8=,28Sa+wWcmIjDX9+vCGB8mlLx5uY=
-6,-47,vtbXfJx5zkJOpg7CWL51wbubvB8=,28Sa+wWcmIjDX9+vCGB8mlLx5uY=
-2,-42,vtbXfJx5zkJOpg7CWL51wbubvB8=,28Sa+wWcmIjDX9+vCGB8mlLx5uY=
-3,-42,vtbXfJx5zkJOpg7CWL51wbubvB8=,28Sa+wWcmIjDX9+vCGB8mlLx5uY=
-1,-42,vtbXfJx5zkJOpg7CWL51wbubvB8=,28Sa+wWcmIjDX9+vCGB8mlLx5uY=
-1,-47,vtbXfJx5zkJOpg7CWL51wbubvB8=,28Sa+wWcmIjDX9+vCGB8mlLx5uY=
-1,-46,vtbXfJx5zkJOpg7CWL51wbubvB8=,28Sa+wWcmIjDX9+vCGB8mlLx5uY=
-1,-45,vtbXfJx5zkJOpg7CWL51wbubvB8=,28Sa+wWcmIjDX9+vCGB8mlLx5uY=
-1,-44,vtbXfJx5zkJOpg7CWL51wbubvB8=,28Sa+wWcmIjDX9+vCGB8mlLx5uY=
-1,-43,vtbXfJx5zkJOpg7CWL51wbubvB8=,28Sa+wWcmIjDX9+vCGB8mlLx5uY=
-10,-33,vtbXfJx5zkJOpg7CWL51wbubvB8=,eE8Xfc1dyOH6ugPcITtsiMQ/xGA=
-15,-33,vtbXfJx5zkJOpg7CWL51wbubvB8=,eE8Xfc1dyOH6ugPcITtsiMQ/xGA=
-11,-33,vtbXfJx5zkJOpg7CWL51wbubvB8=,eE8Xfc1dyOH6ugPcITtsiMQ/xGA=
-12,-33,vtbXfJx5zkJOpg7CWL51wbubvB8=,eE8Xfc1dyOH6ugPcITtsiMQ/xGA=
-13,-33,vtbXfJx5zkJOpg7CWL51wbubvB8=,eE8Xfc1dyOH6ugPcITtsiMQ/xGA=
-14,-33,vtbXfJx5zkJOpg7CWL51wbubvB8=,eE8Xfc1dyOH6ugPcITtsiMQ/xGA=
-7,-48,vtbXfJx5zkJOpg7CWL51wbubvB8=,28Sa+wWcmIjDX9+vCGB8mlLx5uY=
-6,-48,vtbXfJx5zkJOpg7CWL51wbubvB8=,28Sa+wWcmIjDX9+vCGB8mlLx5uY=
-5,-48,vtbXfJx5zkJOpg7CWL51wbubvB8=,28Sa+wWcmIjDX9+vCGB8mlLx5uY=
-4,-48,vtbXfJx5zkJOpg7CWL51wbubvB8=,28Sa+wWcmIjDX9+vCGB8mlLx5uY=
-3,-48,vtbXfJx5zkJOpg7CWL51wbubvB8=,28Sa+wWcmIjDX9+vCGB8mlLx5uY=
-2,-48,vtbXfJx5zkJOpg7CWL51wbubvB8=,28Sa+wWcmIjDX9+vCGB8mlLx5uY=
-16,-39,vtbXfJx5zkJOpg7CWL51wbubvB8=,eE8Xfc1dyOH6ugPcITtsiMQ/xGA=
-16,-34,vtbXfJx5zkJOpg7CWL51wbubvB8=,eE8Xfc1dyOH6ugPcITtsiMQ/xGA=
-16,-35,vtbXfJx5zkJOpg7CWL51wbubvB8=,eE8Xfc1dyOH6ugPcITtsiMQ/xGA=
-16,-36,vtbXfJx5zkJOpg7CWL51wbubvB8=,eE8Xfc1dyOH6ugPcITtsiMQ/xGA=
-16,-38,vtbXfJx5zkJOpg7CWL51wbubvB8=,eE8Xfc1dyOH6ugPcITtsiMQ/xGA=
-16,-37,vtbXfJx5zkJOpg7CWL51wbubvB8=,eE8Xfc1dyOH6ugPcITtsiMQ/xGA=
-1,-48,vtbXfJx5zkJOpg7CWL51wbubvB8=,28Sa+wWcmIjDX9+vCGB8mlLx5uY=
-16,-33,vtbXfJx5zkJOpg7CWL51wbubvB8=,eE8Xfc1dyOH6ugPcITtsiMQ/xGA=
-11,-46,vtbXfJx5zkJOpg7CWL51wbubvB8=,PPpFf0nBLrEWxf7ZAjn0g2ntMZI=
-12,-46,vtbXfJx5zkJOpg7CWL51wbubvB8=,PPpFf0nBLrEWxf7ZAjn0g2ntMZI=
-13,-46,vtbXfJx5zkJOpg7CWL51wbubvB8=,PPpFf0nBLrEWxf7ZAjn0g2ntMZI=
-14,-46,vtbXfJx5zkJOpg7CWL51wbubvB8=,PPpFf0nBLrEWxf7ZAjn0g2ntMZI=
-15,-46,vtbXfJx5zkJOpg7CWL51wbubvB8=,PPpFf0nBLrEWxf7ZAjn0g2ntMZI=
-16,-46,vtbXfJx5zkJOpg7CWL51wbubvB8=,PPpFf0nBLrEWxf7ZAjn0g2ntMZI=
-10,-47,vtbXfJx5zkJOpg7CWL51wbubvB8=,PPpFf0nBLrEWxf7ZAjn0g2ntMZI=
-11,-47,vtbXfJx5zkJOpg7CWL51wbubvB8=,PPpFf0nBLrEWxf7ZAjn0g2ntMZI=
-12,-47,vtbXfJx5zkJOpg7CWL51wbubvB8=,PPpFf0nBLrEWxf7ZAjn0g2ntMZI=
-7,-47,vtbXfJx5zkJOpg7CWL51wbubvB8=,28Sa+wWcmIjDX9+vCGB8mlLx5uY=
-13,-47,vtbXfJx5zkJOpg7CWL51wbubvB8=,PPpFf0nBLrEWxf7ZAjn0g2ntMZI=
-14,-47,vtbXfJx5zkJOpg7CWL51wbubvB8=,PPpFf0nBLrEWxf7ZAjn0g2ntMZI=
-15,-47,vtbXfJx5zkJOpg7CWL51wbubvB8=,PPpFf0nBLrEWxf7ZAjn0g2ntMZI=
-16,-47,vtbXfJx5zkJOpg7CWL51wbubvB8=,PPpFf0nBLrEWxf7ZAjn0g2ntMZI=
-9,-48,vtbXfJx5zkJOpg7CWL51wbubvB8=,PPpFf0nBLrEWxf7ZAjn0g2ntMZI=
-9,-47,vtbXfJx5zkJOpg7CWL51wbubvB8=,PPpFf0nBLrEWxf7ZAjn0g2ntMZI=
-11,-48,vtbXfJx5zkJOpg7CWL51wbubvB8=,PPpFf0nBLrEWxf7ZAjn0g2ntMZI=
-10,-48,vtbXfJx5zkJOpg7CWL51wbubvB8=,PPpFf0nBLrEWxf7ZAjn0g2ntMZI=
-13,-48,vtbXfJx5zkJOpg7CWL51wbubvB8=,PPpFf0nBLrEWxf7ZAjn0g2ntMZI=
-14,-48,vtbXfJx5zkJOpg7CWL51wbubvB8=,PPpFf0nBLrEWxf7ZAjn0g2ntMZI=
-15,-48,vtbXfJx5zkJOpg7CWL51wbubvB8=,PPpFf0nBLrEWxf7ZAjn0g2ntMZI=
-12,-48,vtbXfJx5zkJOpg7CWL51wbubvB8=,PPpFf0nBLrEWxf7ZAjn0g2ntMZI=
-16,-48,vtbXfJx5zkJOpg7CWL51wbubvB8=,PPpFf0nBLrEWxf7ZAjn0g2ntMZI=
-8,-48,vtbXfJx5zkJOpg7CWL51wbubvB8=,28Sa+wWcmIjDX9+vCGB8mlLx5uY=
-16,-45,vtbXfJx5zkJOpg7CWL51wbubvB8=,PPpFf0nBLrEWxf7ZAjn0g2ntMZI=
-15,-45,vtbXfJx5zkJOpg7CWL51wbubvB8=,PPpFf0nBLrEWxf7ZAjn0g2ntMZI=
-14,-45,vtbXfJx5zkJOpg7CWL51wbubvB8=,PPpFf0nBLrEWxf7ZAjn0g2ntMZI=
-13,-45,vtbXfJx5zkJOpg7CWL51wbubvB8=,PPpFf0nBLrEWxf7ZAjn0g2ntMZI=
-16,-44,vtbXfJx5zkJOpg7CWL51wbubvB8=,PPpFf0nBLrEWxf7ZAjn0g2ntMZI=
-15,-44,vtbXfJx5zkJOpg7CWL51wbubvB8=,PPpFf0nBLrEWxf7ZAjn0g2ntMZI=
-14,-44,vtbXfJx5zkJOpg7CWL51wbubvB8=,PPpFf0nBLrEWxf7ZAjn0g2ntMZI=
-13,-44,vtbXfJx5zkJOpg7CWL51wbubvB8=,PPpFf0nBLrEWxf7ZAjn0g2ntMZI=
-16,-43,vtbXfJx5zkJOpg7CWL51wbubvB8=,PPpFf0nBLrEWxf7ZAjn0g2ntMZI=
-15,-43,vtbXfJx5zkJOpg7CWL51wbubvB8=,PPpFf0nBLrEWxf7ZAjn0g2ntMZI=
-14,-43,vtbXfJx5zkJOpg7CWL51wbubvB8=,PPpFf0nBLrEWxf7ZAjn0g2ntMZI=
-13,-43,vtbXfJx5zkJOpg7CWL51wbubvB8=,PPpFf0nBLrEWxf7ZAjn0g2ntMZI=
-16,-42,vtbXfJx5zkJOpg7CWL51wbubvB8=,PPpFf0nBLrEWxf7ZAjn0g2ntMZI=
-15,-42,vtbXfJx5zkJOpg7CWL51wbubvB8=,PPpFf0nBLrEWxf7ZAjn0g2ntMZI=
-14,-42,vtbXfJx5zkJOpg7CWL51wbubvB8=,PPpFf0nBLrEWxf7ZAjn0g2ntMZI=
-13,-42,vtbXfJx5zkJOpg7CWL51wbubvB8=,PPpFf0nBLrEWxf7ZAjn0g2ntMZI=
-12,-42,vtbXfJx5zkJOpg7CWL51wbubvB8=,PPpFf0nBLrEWxf7ZAjn0g2ntMZI=
-11,-42,vtbXfJx5zkJOpg7CWL51wbubvB8=,PPpFf0nBLrEWxf7ZAjn0g2ntMZI=
-16,-41,vtbXfJx5zkJOpg7CWL51wbubvB8=,PPpFf0nBLrEWxf7ZAjn0g2ntMZI=
-15,-41,vtbXfJx5zkJOpg7CWL51wbubvB8=,PPpFf0nBLrEWxf7ZAjn0g2ntMZI=
-14,-41,vtbXfJx5zkJOpg7CWL51wbubvB8=,PPpFf0nBLrEWxf7ZAjn0g2ntMZI=
-13,-41,vtbXfJx5zkJOpg7CWL51wbubvB8=,PPpFf0nBLrEWxf7ZAjn0g2ntMZI=
-12,-41,vtbXfJx5zkJOpg7CWL51wbubvB8=,PPpFf0nBLrEWxf7ZAjn0g2ntMZI=
-11,-41,vtbXfJx5zkJOpg7CWL51wbubvB8=,PPpFf0nBLrEWxf7ZAjn0g2ntMZI=
-16,-40,vtbXfJx5zkJOpg7CWL51wbubvB8=,eE8Xfc1dyOH6ugPcITtsiMQ/xGA=
-15,-40,vtbXfJx5zkJOpg7CWL51wbubvB8=,eE8Xfc1dyOH6ugPcITtsiMQ/xGA=
-14,-40,vtbXfJx5zkJOpg7CWL51wbubvB8=,eE8Xfc1dyOH6ugPcITtsiMQ/xGA=
-13,-40,vtbXfJx5zkJOpg7CWL51wbubvB8=,eE8Xfc1dyOH6ugPcITtsiMQ/xGA=
-12,-40,vtbXfJx5zkJOpg7CWL51wbubvB8=,eE8Xfc1dyOH6ugPcITtsiMQ/xGA=
-11,-40,vtbXfJx5zkJOpg7CWL51wbubvB8=,eE8Xfc1dyOH6ugPcITtsiMQ/xGA=
-10,-40,vtbXfJx5zkJOpg7CWL51wbubvB8=,eE8Xfc1dyOH6ugPcITtsiMQ/xGA=
-10,-46,vtbXfJx5zkJOpg7CWL51wbubvB8=,PPpFf0nBLrEWxf7ZAjn0g2ntMZI=
-12,-45,vtbXfJx5zkJOpg7CWL51wbubvB8=,PPpFf0nBLrEWxf7ZAjn0g2ntMZI=
-8,-47,vtbXfJx5zkJOpg7CWL51wbubvB8=,28Sa+wWcmIjDX9+vCGB8mlLx5uY=
-7,-45,vtbXfJx5zkJOpg7CWL51wbubvB8=,28Sa+wWcmIjDX9+vCGB8mlLx5uY=
-7,-46,vtbXfJx5zkJOpg7CWL51wbubvB8=,28Sa+wWcmIjDX9+vCGB8mlLx5uY=
-9,-46,vtbXfJx5zkJOpg7CWL51wbubvB8=,PPpFf0nBLrEWxf7ZAjn0g2ntMZI=
-1,-38,vtbXfJx5zkJOpg7CWL51wbubvB8=,qVqNCAumrm+cbDe1a+4CSDxVDqU=
-2,-38,vtbXfJx5zkJOpg7CWL51wbubvB8=,qVqNCAumrm+cbDe1a+4CSDxVDqU=
-1,-40,vtbXfJx5zkJOpg7CWL51wbubvB8=,qVqNCAumrm+cbDe1a+4CSDxVDqU=
-1,-39,vtbXfJx5zkJOpg7CWL51wbubvB8=,qVqNCAumrm+cbDe1a+4CSDxVDqU=
-2,-39,vtbXfJx5zkJOpg7CWL51wbubvB8=,qVqNCAumrm+cbDe1a+4CSDxVDqU=
-3,-40,vtbXfJx5zkJOpg7CWL51wbubvB8=,qVqNCAumrm+cbDe1a+4CSDxVDqU=
-3,-38,vtbXfJx5zkJOpg7CWL51wbubvB8=,qVqNCAumrm+cbDe1a+4CSDxVDqU=
-11,-45,vtbXfJx5zkJOpg7CWL51wbubvB8=,PPpFf0nBLrEWxf7ZAjn0g2ntMZI=
-8,-45,vtbXfJx5zkJOpg7CWL51wbubvB8=,28Sa+wWcmIjDX9+vCGB8mlLx5uY=
-9,-45,vtbXfJx5zkJOpg7CWL51wbubvB8=,PPpFf0nBLrEWxf7ZAjn0g2ntMZI=
-1,-37,vtbXfJx5zkJOpg7CWL51wbubvB8=,qVqNCAumrm+cbDe1a+4CSDxVDqU=
-8,-46,vtbXfJx5zkJOpg7CWL51wbubvB8=,28Sa+wWcmIjDX9+vCGB8mlLx5uY=
-2,-37,vtbXfJx5zkJOpg7CWL51wbubvB8=,qVqNCAumrm+cbDe1a+4CSDxVDqU=
-8,-36,vtbXfJx5zkJOpg7CWL51wbubvB8=,qVqNCAumrm+cbDe1a+4CSDxVDqU=
-3,-37,vtbXfJx5zkJOpg7CWL51wbubvB8=,qVqNCAumrm+cbDe1a+4CSDxVDqU=
-8,-33,vtbXfJx5zkJOpg7CWL51wbubvB8=,qVqNCAumrm+cbDe1a+4CSDxVDqU=
-1,-34,vtbXfJx5zkJOpg7CWL51wbubvB8=,qVqNCAumrm+cbDe1a+4CSDxVDqU=
-5,-38,vtbXfJx5zkJOpg7CWL51wbubvB8=,qVqNCAumrm+cbDe1a+4CSDxVDqU=
-8,-34,vtbXfJx5zkJOpg7CWL51wbubvB8=,qVqNCAumrm+cbDe1a+4CSDxVDqU=
-7,-36,vtbXfJx5zkJOpg7CWL51wbubvB8=,qVqNCAumrm+cbDe1a+4CSDxVDqU=
-2,-34,vtbXfJx5zkJOpg7CWL51wbubvB8=,qVqNCAumrm+cbDe1a+4CSDxVDqU=
-8,-35,vtbXfJx5zkJOpg7CWL51wbubvB8=,qVqNCAumrm+cbDe1a+4CSDxVDqU=
-1,-35,vtbXfJx5zkJOpg7CWL51wbubvB8=,qVqNCAumrm+cbDe1a+4CSDxVDqU=
-7,-33,vtbXfJx5zkJOpg7CWL51wbubvB8=,qVqNCAumrm+cbDe1a+4CSDxVDqU=
-1,-36,vtbXfJx5zkJOpg7CWL51wbubvB8=,qVqNCAumrm+cbDe1a+4CSDxVDqU=
-2,-35,vtbXfJx5zkJOpg7CWL51wbubvB8=,qVqNCAumrm+cbDe1a+4CSDxVDqU=
-2,-40,vtbXfJx5zkJOpg7CWL51wbubvB8=,qVqNCAumrm+cbDe1a+4CSDxVDqU=
-1,-41,vtbXfJx5zkJOpg7CWL51wbubvB8=,28Sa+wWcmIjDX9+vCGB8mlLx5uY=
-3,-39,vtbXfJx5zkJOpg7CWL51wbubvB8=,qVqNCAumrm+cbDe1a+4CSDxVDqU=
-2,-41,vtbXfJx5zkJOpg7CWL51wbubvB8=,28Sa+wWcmIjDX9+vCGB8mlLx5uY=
-3,-41,vtbXfJx5zkJOpg7CWL51wbubvB8=,28Sa+wWcmIjDX9+vCGB8mlLx5uY=
-10,-45,vtbXfJx5zkJOpg7CWL51wbubvB8=,PPpFf0nBLrEWxf7ZAjn0g2ntMZI=
-7,-34,vtbXfJx5zkJOpg7CWL51wbubvB8=,qVqNCAumrm+cbDe1a+4CSDxVDqU=
-4,-38,vtbXfJx5zkJOpg7CWL51wbubvB8=,qVqNCAumrm+cbDe1a+4CSDxVDqU=
-2,-36,vtbXfJx5zkJOpg7CWL51wbubvB8=,qVqNCAumrm+cbDe1a+4CSDxVDqU=
-5,-35,vtbXfJx5zkJOpg7CWL51wbubvB8=,qVqNCAumrm+cbDe1a+4CSDxVDqU=
-3,-35,vtbXfJx5zkJOpg7CWL51wbubvB8=,qVqNCAumrm+cbDe1a+4CSDxVDqU=
-5,-40,vtbXfJx5zkJOpg7CWL51wbubvB8=,qVqNCAumrm+cbDe1a+4CSDxVDqU=
-4,-39,vtbXfJx5zkJOpg7CWL51wbubvB8=,qVqNCAumrm+cbDe1a+4CSDxVDqU=
-4,-41,vtbXfJx5zkJOpg7CWL51wbubvB8=,28Sa+wWcmIjDX9+vCGB8mlLx5uY=
-7,-40,vtbXfJx5zkJOpg7CWL51wbubvB8=,qVqNCAumrm+cbDe1a+4CSDxVDqU=
-5,-39,vtbXfJx5zkJOpg7CWL51wbubvB8=,qVqNCAumrm+cbDe1a+4CSDxVDqU=
-5,-33,vtbXfJx5zkJOpg7CWL51wbubvB8=,qVqNCAumrm+cbDe1a+4CSDxVDqU=
-6,-33,vtbXfJx5zkJOpg7CWL51wbubvB8=,qVqNCAumrm+cbDe1a+4CSDxVDqU=
-5,-37,vtbXfJx5zkJOpg7CWL51wbubvB8=,qVqNCAumrm+cbDe1a+4CSDxVDqU=
-4,-37,vtbXfJx5zkJOpg7CWL51wbubvB8=,qVqNCAumrm+cbDe1a+4CSDxVDqU=
-7,-41,vtbXfJx5zkJOpg7CWL51wbubvB8=,28Sa+wWcmIjDX9+vCGB8mlLx5uY=
-10,-41,vtbXfJx5zkJOpg7CWL51wbubvB8=,PPpFf0nBLrEWxf7ZAjn0g2ntMZI=
-4,-40,vtbXfJx5zkJOpg7CWL51wbubvB8=,qVqNCAumrm+cbDe1a+4CSDxVDqU=
-3,-34,vtbXfJx5zkJOpg7CWL51wbubvB8=,qVqNCAumrm+cbDe1a+4CSDxVDqU=
-6,-34,vtbXfJx5zkJOpg7CWL51wbubvB8=,qVqNCAumrm+cbDe1a+4CSDxVDqU=
-8,-37,vtbXfJx5zkJOpg7CWL51wbubvB8=,qVqNCAumrm+cbDe1a+4CSDxVDqU=
-6,-41,vtbXfJx5zkJOpg7CWL51wbubvB8=,28Sa+wWcmIjDX9+vCGB8mlLx5uY=
-8,-41,vtbXfJx5zkJOpg7CWL51wbubvB8=,28Sa+wWcmIjDX9+vCGB8mlLx5uY=
-8,-38,vtbXfJx5zkJOpg7CWL51wbubvB8=,qVqNCAumrm+cbDe1a+4CSDxVDqU=
-1,-33,vtbXfJx5zkJOpg7CWL51wbubvB8=,qVqNCAumrm+cbDe1a+4CSDxVDqU=
-7,-35,vtbXfJx5zkJOpg7CWL51wbubvB8=,qVqNCAumrm+cbDe1a+4CSDxVDqU=
-7,-37,vtbXfJx5zkJOpg7CWL51wbubvB8=,qVqNCAumrm+cbDe1a+4CSDxVDqU=
-5,-34,vtbXfJx5zkJOpg7CWL51wbubvB8=,qVqNCAumrm+cbDe1a+4CSDxVDqU=
-2,-33,vtbXfJx5zkJOpg7CWL51wbubvB8=,qVqNCAumrm+cbDe1a+4CSDxVDqU=
-9,-37,vtbXfJx5zkJOpg7CWL51wbubvB8=,eE8Xfc1dyOH6ugPcITtsiMQ/xGA=
-9,-36,vtbXfJx5zkJOpg7CWL51wbubvB8=,eE8Xfc1dyOH6ugPcITtsiMQ/xGA=
-9,-34,vtbXfJx5zkJOpg7CWL51wbubvB8=,eE8Xfc1dyOH6ugPcITtsiMQ/xGA=
-9,-35,vtbXfJx5zkJOpg7CWL51wbubvB8=,eE8Xfc1dyOH6ugPcITtsiMQ/xGA=
-9,-33,vtbXfJx5zkJOpg7CWL51wbubvB8=,eE8Xfc1dyOH6ugPcITtsiMQ/xGA=
-7,-38,vtbXfJx5zkJOpg7CWL51wbubvB8=,qVqNCAumrm+cbDe1a+4CSDxVDqU=
-8,-39,vtbXfJx5zkJOpg7CWL51wbubvB8=,qVqNCAumrm+cbDe1a+4CSDxVDqU=
-4,-34,vtbXfJx5zkJOpg7CWL51wbubvB8=,qVqNCAumrm+cbDe1a+4CSDxVDqU=
-3,-36,vtbXfJx5zkJOpg7CWL51wbubvB8=,qVqNCAumrm+cbDe1a+4CSDxVDqU=
-9,-39,vtbXfJx5zkJOpg7CWL51wbubvB8=,eE8Xfc1dyOH6ugPcITtsiMQ/xGA=
-9,-42,vtbXfJx5zkJOpg7CWL51wbubvB8=,PPpFf0nBLrEWxf7ZAjn0g2ntMZI=
-4,-36,vtbXfJx5zkJOpg7CWL51wbubvB8=,qVqNCAumrm+cbDe1a+4CSDxVDqU=
-6,-35,vtbXfJx5zkJOpg7CWL51wbubvB8=,qVqNCAumrm+cbDe1a+4CSDxVDqU=
-9,-38,vtbXfJx5zkJOpg7CWL51wbubvB8=,eE8Xfc1dyOH6ugPcITtsiMQ/xGA=
-6,-42,vtbXfJx5zkJOpg7CWL51wbubvB8=,28Sa+wWcmIjDX9+vCGB8mlLx5uY=
-5,-42,vtbXfJx5zkJOpg7CWL51wbubvB8=,28Sa+wWcmIjDX9+vCGB8mlLx5uY=
-8,-40,vtbXfJx5zkJOpg7CWL51wbubvB8=,qVqNCAumrm+cbDe1a+4CSDxVDqU=
-7,-43,vtbXfJx5zkJOpg7CWL51wbubvB8=,28Sa+wWcmIjDX9+vCGB8mlLx5uY=
-9,-40,vtbXfJx5zkJOpg7CWL51wbubvB8=,eE8Xfc1dyOH6ugPcITtsiMQ/xGA=
-7,-44,vtbXfJx5zkJOpg7CWL51wbubvB8=,28Sa+wWcmIjDX9+vCGB8mlLx5uY=
-6,-39,vtbXfJx5zkJOpg7CWL51wbubvB8=,qVqNCAumrm+cbDe1a+4CSDxVDqU=
-8,-42,vtbXfJx5zkJOpg7CWL51wbubvB8=,28Sa+wWcmIjDX9+vCGB8mlLx5uY=
-5,-41,vtbXfJx5zkJOpg7CWL51wbubvB8=,28Sa+wWcmIjDX9+vCGB8mlLx5uY=
-3,-33,vtbXfJx5zkJOpg7CWL51wbubvB8=,qVqNCAumrm+cbDe1a+4CSDxVDqU=
-12,-43,vtbXfJx5zkJOpg7CWL51wbubvB8=,PPpFf0nBLrEWxf7ZAjn0g2ntMZI=
-10,-42,vtbXfJx5zkJOpg7CWL51wbubvB8=,PPpFf0nBLrEWxf7ZAjn0g2ntMZI=
-6,-37,vtbXfJx5zkJOpg7CWL51wbubvB8=,qVqNCAumrm+cbDe1a+4CSDxVDqU=
-7,-42,vtbXfJx5zkJOpg7CWL51wbubvB8=,28Sa+wWcmIjDX9+vCGB8mlLx5uY=
-7,-39,vtbXfJx5zkJOpg7CWL51wbubvB8=,qVqNCAumrm+cbDe1a+4CSDxVDqU=
-6,-38,vtbXfJx5zkJOpg7CWL51wbubvB8=,qVqNCAumrm+cbDe1a+4CSDxVDqU=
-4,-35,vtbXfJx5zkJOpg7CWL51wbubvB8=,qVqNCAumrm+cbDe1a+4CSDxVDqU=
-8,-44,vtbXfJx5zkJOpg7CWL51wbubvB8=,28Sa+wWcmIjDX9+vCGB8mlLx5uY=
-6,-40,vtbXfJx5zkJOpg7CWL51wbubvB8=,qVqNCAumrm+cbDe1a+4CSDxVDqU=
-5,-36,vtbXfJx5zkJOpg7CWL51wbubvB8=,qVqNCAumrm+cbDe1a+4CSDxVDqU=
-12,-44,vtbXfJx5zkJOpg7CWL51wbubvB8=,PPpFf0nBLrEWxf7ZAjn0g2ntMZI=
-6,-36,vtbXfJx5zkJOpg7CWL51wbubvB8=,qVqNCAumrm+cbDe1a+4CSDxVDqU=
-8,-43,vtbXfJx5zkJOpg7CWL51wbubvB8=,28Sa+wWcmIjDX9+vCGB8mlLx5uY=
-9,-41,vtbXfJx5zkJOpg7CWL51wbubvB8=,PPpFf0nBLrEWxf7ZAjn0g2ntMZI=
-9,-44,vtbXfJx5zkJOpg7CWL51wbubvB8=,PPpFf0nBLrEWxf7ZAjn0g2ntMZI=
-4,-33,vtbXfJx5zkJOpg7CWL51wbubvB8=,qVqNCAumrm+cbDe1a+4CSDxVDqU=
-10,-44,vtbXfJx5zkJOpg7CWL51wbubvB8=,PPpFf0nBLrEWxf7ZAjn0g2ntMZI=
-11,-44,vtbXfJx5zkJOpg7CWL51wbubvB8=,PPpFf0nBLrEWxf7ZAjn0g2ntMZI=
-11,-43,vtbXfJx5zkJOpg7CWL51wbubvB8=,PPpFf0nBLrEWxf7ZAjn0g2ntMZI=
-9,-43,vtbXfJx5zkJOpg7CWL51wbubvB8=,PPpFf0nBLrEWxf7ZAjn0g2ntMZI=
-10,-43,vtbXfJx5zkJOpg7CWL51wbubvB8=,PPpFf0nBLrEWxf7ZAjn0g2ntMZI=
