7,-36,C1tNaAY5PGoNhypW1VB76G2qlV8=,RhoPNfvWu89JgVCph7lnL571cpo=
5,-37,C1tNaAY5PGoNhypW1VB76G2qlV8=,RhoPNfvWu89JgVCph7lnL571cpo=
6,-37,C1tNaAY5PGoNhypW1VB76G2qlV8=,RhoPNfvWu89JgVCph7lnL571cpo=
5,-38,C1tNaAY5PGoNhypW1VB76G2qlV8=,RhoPNfvWu89JgVCph7lnL571cpo=
3,-37,C1tNaAY5PGoNhypW1VB76G2qlV8=,RhoPNfvWu89JgVCph7lnL571cpo=
4,-37,C1tNaAY5PGoNhypW1VB76G2qlV8=,RhoPNfvWu89JgVCph7lnL571cpo=
5,-40,C1tNaAY5PGoNhypW1VB76G2qlV8=,RhoPNfvWu89JgVCph7lnL571cpo=
2,-37,C1tNaAY5PGoNhypW1VB76G2qlV8=,RhoPNfvWu89JgVCph7lnL571cpo=
1,-37,C1tNaAY5PGoNhypW1VB76G2qlV8=,RhoPNfvWu89JgVCph7lnL571cpo=
6,-36,C1tNaAY5PGoNhypW1VB76G2qlV8=,RhoPNfvWu89JgVCph7lnL571cpo=
7,-38,C1tNaAY5PGoNhypW1VB76G2qlV8=,RhoPNfvWu89JgVCph7lnL571cpo=
5,-39,C1tNaAY5PGoNhypW1VB76G2qlV8=,RhoPNfvWu89JgVCph7lnL571cpo=
3,-40,C1tNaAY5PGoNhypW1VB76G2qlV8=,RhoPNfvWu89JgVCph7lnL571cpo=
5,-36,C1tNaAY5PGoNhypW1VB76G2qlV8=,RhoPNfvWu89JgVCph7lnL571cpo=
6,-38,C1tNaAY5PGoNhypW1VB76G2qlV8=,RhoPNfvWu89JgVCph7lnL571cpo=
4,-38,C1tNaAY5PGoNhypW1VB76G2qlV8=,RhoPNfvWu89JgVCph7lnL571cpo=
4,-39,C1tNaAY5PGoNhypW1VB76G2qlV8=,RhoPNfvWu89JgVCph7lnL571cpo=
4,-36,C1tNaAY5PGoNhypW1VB76G2qlV8=,RhoPNfvWu89JgVCph7lnL571cpo=
7,-33,C1tNaAY5PGoNhypW1VB76G2qlV8=,RhoPNfvWu89JgVCph7lnL571cpo=
4,-40,C1tNaAY5PGoNhypW1VB76G2qlV8=,RhoPNfvWu89JgVCph7lnL571cpo=
3,-38,C1tNaAY5PGoNhypW1VB76G2qlV8=,RhoPNfvWu89JgVCph7lnL571cpo=
6,-33,C1tNaAY5PGoNhypW1VB76G2qlV8=,RhoPNfvWu89JgVCph7lnL571cpo=
2,-38,C1tNaAY5PGoNhypW1VB76G2qlV8=,RhoPNfvWu89JgVCph7lnL571cpo=
3,-39,C1tNaAY5PGoNhypW1VB76G2qlV8=,RhoPNfvWu89JgVCph7lnL571cpo=
5,-33,C1tNaAY5PGoNhypW1VB76G2qlV8=,RhoPNfvWu89JgVCph7lnL571cpo=
4,-33,C1tNaAY5PGoNhypW1VB76G2qlV8=,RhoPNfvWu89JgVCph7lnL571cpo=
3,-33,C1tNaAY5PGoNhypW1VB76G2qlV8=,RhoPNfvWu89JgVCph7lnL571cpo=
2,-39,C1tNaAY5PGoNhypW1VB76G2qlV8=,RhoPNfvWu89JgVCph7lnL571cpo=
2,-33,C1tNaAY5PGoNhypW1VB76G2qlV8=,RhoPNfvWu89JgVCph7lnL571cpo=
1,-39,C1tNaAY5PGoNhypW1VB76G2qlV8=,RhoPNfvWu89JgVCph7lnL571cpo=
1,-33,C1tNaAY5PGoNhypW1VB76G2qlV8=,RhoPNfvWu89JgVCph7lnL571cpo=
3,-36,C1tNaAY5PGoNhypW1VB76G2qlV8=,RhoPNfvWu89JgVCph7lnL571cpo=
7,-34,C1tNaAY5PGoNhypW1VB76G2qlV8=,RhoPNfvWu89JgVCph7lnL571cpo=
5,-34,C1tNaAY5PGoNhypW1VB76G2qlV8=,RhoPNfvWu89JgVCph7lnL571cpo=
6,-34,C1tNaAY5PGoNhypW1VB76G2qlV8=,RhoPNfvWu89JgVCph7lnL571cpo=
1,-38,C1tNaAY5PGoNhypW1VB76G2qlV8=,RhoPNfvWu89JgVCph7lnL571cpo=
3,-34,C1tNaAY5PGoNhypW1VB76G2qlV8=,RhoPNfvWu89JgVCph7lnL571cpo=
4,-34,C1tNaAY5PGoNhypW1VB76G2qlV8=,RhoPNfvWu89JgVCph7lnL571cpo=
1,-34,C1tNaAY5PGoNhypW1VB76G2qlV8=,RhoPNfvWu89JgVCph7lnL571cpo=
2,-36,C1tNaAY5PGoNhypW1VB76G2qlV8=,RhoPNfvWu89JgVCph7lnL571cpo=
1,-36,C1tNaAY5PGoNhypW1VB76G2qlV8=,RhoPNfvWu89JgVCph7lnL571cpo=
7,-35,C1tNaAY5PGoNhypW1VB76G2qlV8=,RhoPNfvWu89JgVCph7lnL571cpo=
2,-40,C1tNaAY5PGoNhypW1VB76G2qlV8=,RhoPNfvWu89JgVCph7lnL571cpo=
2,-34,C1tNaAY5PGoNhypW1VB76G2qlV8=,RhoPNfvWu89JgVCph7lnL571cpo=
7,-40,C1tNaAY5PGoNhypW1VB76G2qlV8=,RhoPNfvWu89JgVCph7lnL571cpo=
6,-35,C1tNaAY5PGoNhypW1VB76G2qlV8=,RhoPNfvWu89JgVCph7lnL571cpo=
5,-35,C1tNaAY5PGoNhypW1VB76G2qlV8=,RhoPNfvWu89JgVCph7lnL571cpo=
1,-40,C1tNaAY5PGoNhypW1VB76G2qlV8=,RhoPNfvWu89JgVCph7lnL571cpo=
4,-35,C1tNaAY5PGoNhypW1VB76G2qlV8=,RhoPNfvWu89JgVCph7lnL571cpo=
7,-39,C1tNaAY5PGoNhypW1VB76G2qlV8=,RhoPNfvWu89JgVCph7lnL571cpo=
6,-39,C1tNaAY5PGoNhypW1VB76G2qlV8=,RhoPNfvWu89JgVCph7lnL571cpo=
3,-35,C1tNaAY5PGoNhypW1VB76G2qlV8=,RhoPNfvWu89JgVCph7lnL571cpo=
2,-35,C1tNaAY5PGoNhypW1VB76G2qlV8=,RhoPNfvWu89JgVCph7lnL571cpo=
7,-37,C1tNaAY5PGoNhypW1VB76G2qlV8=,RhoPNfvWu89JgVCph7lnL571cpo=
1,-35,C1tNaAY5PGoNhypW1VB76G2qlV8=,RhoPNfvWu89JgVCph7lnL571cpo=
6,-40,C1tNaAY5PGoNhypW1VB76G2qlV8=,RhoPNfvWu89JgVCph7lnL571cpo=
0,-40,C1tNaAY5PGoNhypW1VB76G2qlV8=,RhoPNfvWu89JgVCph7lnL571cpo=
0,-35,C1tNaAY5PGoNhypW1VB76G2qlV8=,RhoPNfvWu89JgVCph7lnL571cpo=
0,-38,C1tNaAY5PGoNhypW1VB76G2qlV8=,RhoPNfvWu89JgVCph7lnL571cpo=
0,-36,C1tNaAY5PGoNhypW1VB76G2qlV8=,RhoPNfvWu89JgVCph7lnL571cpo=
0,-37,C1tNaAY5PGoNhypW1VB76G2qlV8=,RhoPNfvWu89JgVCph7lnL571cpo=
0,-39,C1tNaAY5PGoNhypW1VB76G2qlV8=,RhoPNfvWu89JgVCph7lnL571cpo=
0,-33,C1tNaAY5PGoNhypW1VB76G2qlV8=,RhoPNfvWu89JgVCph7lnL571cpo=
0,-34,C1tNaAY5PGoNhypW1VB76G2qlV8=,RhoPNfvWu89JgVCph7lnL571cpo=
