-2,-1,XCI4FnUJZtZn/hrIeKfz/Lpw2bw=,M/2RSuBKZYLghKcd9cKhHQoeHHU=
-1,-1,XCI4FnUJZtZn/hrIeKfz/Lpw2bw=,M/2RSuBKZYLghKcd9cKhHQoeHHU=
-1,-2,Nowg9PoaykUBZq9esdLmNBd5eMA=,gZw3Mg9od7sxdw703vJwWGB/HUQ=
-3,-1,XCI4FnUJZtZn/hrIeKfz/Lpw2bw=,M/2RSuBKZYLghKcd9cKhHQoeHHU=
-3,-2,yFuEutBV0XmqIPX7wBjQhjjmAIM=,Q3Xvb0NYSlOjHa5Mcnz7A9QfeyE=
-1,-3,5ZRFSqek1BNmluSJLACnOBb6uog=,97kz8g3Tz+188LP9L4tRBTUkG5g=
-1,-4,5ZRFSqek1BNmluSJLACnOBb6uog=,KzMnH+7cvAAdQnVgJ361eX6qm/M=
-2,-2,yFuEutBV0XmqIPX7wBjQhjjmAIM=,Q3Xvb0NYSlOjHa5Mcnz7A9QfeyE=
-3,-3,KXlJUOskSDzGrnqjB92Sd8e1DZA=,ZeDCWvW/qPMGwbtB9fossJjlq9g=
-2,-3,KXlJUOskSDzGrnqjB92Sd8e1DZA=,ZeDCWvW/qPMGwbtB9fossJjlq9g=
-1,-5,5ZRFSqek1BNmluSJLACnOBb6uog=,Z3QcM1FVadHx5M/oQxPQrUbP7/g=
-1,-6,5ZRFSqek1BNmluSJLACnOBb6uog=,g16UV2j+8zbkX6WgYtCdJamQM1I=
-2,-6,5ZRFSqek1BNmluSJLACnOBb6uog=,g16UV2j+8zbkX6WgYtCdJamQM1I=
-2,-5,5ZRFSqek1BNmluSJLACnOBb6uog=,g16UV2j+8zbkX6WgYtCdJamQM1I=
-4,-1,ilj2VbNEkYhlOx1yeWj3xGMCeI0=,OFDiV0Ifs2/suHBsPwJMYiHW4Rc=
-5,-1,yFuEutBV0XmqIPX7wBjQhjjmAIM=,Q3Xvb0NYSlOjHa5Mcnz7A9QfeyE=
-5,-2,yFuEutBV0XmqIPX7wBjQhjjmAIM=,Q3Xvb0NYSlOjHa5Mcnz7A9QfeyE=
-4,-2,yFuEutBV0XmqIPX7wBjQhjjmAIM=,Q3Xvb0NYSlOjHa5Mcnz7A9QfeyE=
