0,-1,mmCUNUbg7T6YVdU8lQACY3i8gNY=,3ICvLB3fZh5rF0UOJFRSWIPHR1w=
1,-1,u8iTQYvOu9Qxro//HPULmZEGhyw=,HMF+o9jaigSEkBGpaxTroIs/wp8=
2,-1,6IogTq2MTB+bb1fXa60S9sciuRU=,au2JuLCXCrFwAJ28x6meIWoFKsE=
1,-3,D3btj5uVfq0cGikAspFP+RI9JO0=,Jw38+pPl1lEZk/ZYDNl8tFV16A8=
1,-2,u8iTQYvOu9Qxro//HPULmZEGhyw=,HMF+o9jaigSEkBGpaxTroIs/wp8=
0,-2,D3btj5uVfq0cGikAspFP+RI9JO0=,Jw38+pPl1lEZk/ZYDNl8tFV16A8=
0,-4,D3btj5uVfq0cGikAspFP+RI9JO0=,Jw38+pPl1lEZk/ZYDNl8tFV16A8=
0,-3,D3btj5uVfq0cGikAspFP+RI9JO0=,Jw38+pPl1lEZk/ZYDNl8tFV16A8=
2,-3,z8eCgyPFPW9gGnTUSwdaMm415Yk=,o5JN6j3gYMwI/ud8fCehpmXWFiM=
1,-4,D3btj5uVfq0cGikAspFP+RI9JO0=,Jw38+pPl1lEZk/ZYDNl8tFV16A8=
0,-5,5ZRFSqek1BNmluSJLACnOBb6uog=,Vp9KQ/vBBB3derWLwCJbq2AV5uo=
6,-4,rNo085Ez5Lbf0YxLkpc3e8csKrQ=,cjKnxwMGzSbp6hSymCtx6EpfltM=
6,-3,GsB2JuMXX7ud3magVTqBVPF0I7w=,6770RAV3hWRCisfdTJvIVGCyLCA=
